,GAME_ID,BLUE_WIN,BLUE_KILLS,RED_KILLS,BLUE_DEATHS,RED_DEATHS,RED_ASSISTS,BLUE_ASSISTS,BLUE_WARDS_PLACED,RED_WARDS_PLACED,BLUE_WARDS_DESTROYED,RED_WARDS_DESTROYED,BLUE_DRAGONS,RED_DRAGONS,BLUE_BARONS,RED_BARONS,BLUE_TOWERS,RED_TOWERS,BLUE_ELITE_MONSTERS,RED_ELITE_MONSTERS,BLUE_TEAM_GOLD,RED_TEAM_GOLD,BLUE_TEAM_LEVEL,RED_TEAM_LEVEL,BLUE_TEAM_CS,RED_TEAM_CS,BLUE_TEAAM_CS_PER_MINUTE,RED_TEAAM_CS_PER_MINUTE,BLUE_GOLD_DIFF,RED_GOLD_DIFF,BLUE_GOLD_PER_MIN,RED_GOLD_PER_MIN,BLUE_TEAM_TOP,BLUE_TEAM_JNG,BLUE_TEAM_MID,BLUE_TEAM_ADC,BLUE_TEAM_SUP,RED_TEAM_TOP,RED_TEAM_JNG,RED_TEAM_MID,RED_TEAM_ADC,RED_TEAM_SUP,BLLUE_TEAM_TOP_ITEM_1,BLLUE_TEAM_TOP_ITEM_2,BLLUE_TEAM_TOP_ITEM_3,BLLUE_TEAM_TOP_ITEM_4,BLLUE_TEAM_TOP_ITEM_5,BLLUE_TEAM_TOP_ITEM_6,BLLUE_TEAM_TOP_ITEM_VISION,BLLUE_TEAM_JNG_ITEM_1,BLLUE_TEAM_JNG_ITEM_2,BLLUE_TEAM_JNG_ITEM_3,BLLUE_TEAM_JNG_ITEM_4,BLLUE_TEAM_JNG_ITEM_5,BLLUE_TEAM_JNG_ITEM_6,BLLUE_TEAM_JNG_ITEM_VISION,BLLUE_TEAM_MID_ITEM_1,BLLUE_TEAM_MID_ITEM_2,BLLUE_TEAM_MID_ITEM_3,BLLUE_TEAM_MID_ITEM_4,BLLUE_TEAM_MID_ITEM_5,BLLUE_TEAM_MID_ITEM_6,BLLUE_TEAM_MID_ITEM_VISION,BLLUE_TEAM_ADC_ITEM_1,BLLUE_TEAM_ADC_ITEM_2,BLLUE_TEAM_ADC_ITEM_3,BLLUE_TEAM_ADC_ITEM_4,BLLUE_TEAM_ADC_ITEM_5,BLLUE_TEAM_ADC_ITEM_6,BLLUE_TEAM_ADC_ITEM_VISION,BLLUE_TEAM_SUP_ITEM_1,BLLUE_TEAM_SUP_ITEM_2,BLLUE_TEAM_SUP_ITEM_3,BLLUE_TEAM_SUP_ITEM_4,BLLUE_TEAM_SUP_ITEM_5,BLLUE_TEAM_SUP_ITEM_6,BLLUE_TEAM_SUP_ITEM_VISION,RED_TEAM_TOP_ITEM_1,RED_TEAM_TOP_ITEM_2,RED_TEAM_TOP_ITEM_3,RED_TEAM_TOP_ITEM_4,RED_TEAM_TOP_ITEM_5,RED_TEAM_TOP_ITEM_6,RED_TEAM_TOP_ITEM_VISION,RED_TEAM_JNG_ITEM_1,RED_TEAM_JNG_ITEM_2,RED_TEAM_JNG_ITEM_3,RED_TEAM_JNG_ITEM_4,RED_TEAM_JNG_ITEM_5,RED_TEAM_JNG_ITEM_6,RED_TEAM_JNG_ITEM_VISION,RED_TEAM_MID_ITEM_1,RED_TEAM_MID_ITEM_2,RED_TEAM_MID_ITEM_3,RED_TEAM_MID_ITEM_4,RED_TEAM_MID_ITEM_5,RED_TEAM_MID_ITEM_6,RED_TEAM_MID_ITEM_VISION,RED_TEAM_ADC_ITEM_1,RED_TEAM_ADC_ITEM_2,RED_TEAM_ADC_ITEM_3,RED_TEAM_ADC_ITEM_4,RED_TEAM_ADC_ITEM_5,RED_TEAM_ADC_ITEM_6,RED_TEAM_ADC_ITEM_VISION,RED_TEAM_SUP_ITEM_1,RED_TEAM_SUP_ITEM_2,RED_TEAM_SUP_ITEM_3,RED_TEAM_SUP_ITEM_4,RED_TEAM_SUP_ITEM_5,RED_TEAM_SUP_ITEM_6,RED_TEAM_SUP_ITEM_VISION,BLUE_TEAM_TOP_RUNE_01,BLUE_TEAM_TOP_RUNE_02,BLUE_TEAM_JNG_RUNE_01,BLUE_TEAM_JNG_RUNE_02,BLUE_TEAM_MID_RUNE_01,BLUE_TEAM_MID_RUNE_02,BLUE_TEAM_ADC_RUNE_01,BLUE_TEAM_ADC_RUNE_02,BLUE_TEAM_SUP_RUNE_01,BLUE_TEAM_SUP_RUNE_02,RED_TEAM_TOP_RUNE_01,RED_TEAM_TOP_RUNE_02,RED_TEAM_JNG_RUNE_01,RED_TEAM_JNG_RUNE_02,RED_TEAM_MID_RUNE_01,RED_TEAM_MID_RUNE_02,RED_TEAM_ADC_RUNE_01,RED_TEAM_ADC_RUNE_02,RED_TEAM_SUP_RUNE_01,RED_TEAM_SUP_RUNE_02,BLUE_TEAM_TOP_SUMMONER_01,BLUE_TEAM_TOP_SUMMONER_02,BLUE_TEAM_JNG_SUMMONER_01,BLUE_TEAM_JNG_SUMMONER_02,BLUE_TEAM_MID_SUMMONER_01,BLUE_TEAM_MID_SUMMONER_02,BLUE_TEAM_ADC_SUMMONER_01,BLUE_TEAM_ADC_SUMMONER_02,BLUE_TEAM_SUP_SUMMONER_01,BLUE_TEAM_SUP_SUMMONER_02,RED_TEAM_TOP_SUMMONER_01,RED_TEAM_TOP_SUMMONER_02,RED_TEAM_JNG_SUMMONER_01,RED_TEAM_JNG_SUMMONER_02,RED_TEAM_MID_SUMMONER_01,RED_TEAM_MID_SUMMONER_02,RED_TEAM_ADC_SUMMONER_01,RED_TEAM_ADC_SUMMONER_02,RED_TEAM_SUP_SUMMONER_01,RED_TEAM_SUP_SUMMONER_02,BLUE_TEAM_RIFT_HERALDS,BLUE_TEAM_VOID_GRUBS,BLUE_TEAM_INHIBITORS,RED_TEAM_RIFT_HERALDS,RED_TEAM_VOID_GRUBS,RED_TEAM_INHIBITORS
0,https://www.op.gg/summoners/euw/Walid%20Georgey-EUW/matches/uRd1PvnOddrmGWR43tW5ITItpUudgDeD_tKyirH87WU%3D/1734616837000,1.0,48,19,19,48,27,54,97,113,44,36,2,3,2,0,10,3,4,3,74462,64064,17.2,16.0,1036,1120,28.9,31.2,10398,-10398,2082.112796208531,1791.3630331753557,92,32,38,42,526,126,102,112,81,78,6692,3071,6610,3158,3156,2019,3364,8020,3143,3047,6653,2504,2055,3364,3041,3040,3157,3118,3047,3137,3363,3078,3047,3042,3094,3031,221053,3363,323050,221057,3869,3013,3067,323190,3364,1055,3047,3042,6692,3133,3035,3364,3161,1082,6653,4633,4630,3020,3364,3135,6653,3111,2421,2503,221058,3363,3161,3072,3158,3042,3078,6694,3363,3877,2055,3742,4401,3111,1000,3364,14,3,16,0,5,3,14,1,16,2,14,1,13,1,18,2,14,1,7,1,4,2,2,12,15,2,2,0,4,2,2,15,12,2,2,15,2,1,2,4,1,6,3,0,0,0
1,https://www.op.gg/summoners/euw/Walid%20Georgey-EUW/matches/uRd1PvnOddoqLel6lUNgazy9NI9EO_CDd9RUPedqzeQ%3D/1734520036000,0.0,18,37,38,18,55,29,67,67,16,26,0,4,0,1,2,9,0,5,48378,59935,13.2,14.6,789,822,29.0,30.2,-11557,11557,1780.9483516483515,2206.398351648352,245,59,112,81,201,84,19,777,42,111,3020,3152,3115,1052,1082,221058,3340,1029,3067,221057,6692,6610,3111,3340,221026,1056,6655,3020,4630,3089,3363,1055,3133,1000,3078,3042,3158,3363,3143,323190,3869,3047,1000,1000,3364,3157,1082,4630,3020,4646,4645,3364,6631,3111,3065,1028,1037,1028,3364,3031,1000,3153,6673,3006,1054,3364,1055,3042,3078,3094,3047,1037,3363,3877,323190,323109,2055,3009,1000,3364,19,0,14,1,18,3,11,1,17,1,5,3,11,4,12,3,14,1,16,1,15,2,12,2,2,15,2,0,5,2,15,4,2,12,15,2,2,0,2,4,0,3,0,1,3,0
2,https://www.op.gg/summoners/euw/Walid%20Georgey-EUW/matches/uRd1PvnOddqJpHaySfpjv0cV2OdW7OgiWHr7TUVCzUo%3D/1734433521000,0.0,10,25,25,10,33,15,42,60,14,18,0,3,0,1,2,6,0,4,41775,50819,12.4,13.2,737,754,31.8,32.6,-9044,9044,1810.25,2202.1566666666668,2,107,84,115,432,24,72,777,887,111,6631,1055,2055,6610,1000,1001,3340,1000,6698,3142,1001,1036,1036,3364,6653,3152,4630,2055,1000,3020,3363,2503,323070,6653,1056,3020,4630,3363,3742,323107,3877,1000,2422,1000,3364,1055,3078,6610,3111,3053,2021,3340,2502,3084,3067,221057,1000,2422,3364,6631,221057,3006,1054,3153,1042,3340,1056,1082,4645,3115,3020,4630,3340,3877,323190,3067,323075,2055,3009,3364,14,1,14,0,5,3,10,4,17,1,12,1,15,1,13,3,6,4,16,1,2,7,2,12,2,15,2,15,4,2,4,2,2,12,2,15,7,15,2,4,0,1,0,1,5,0
3,https://www.op.gg/summoners/euw/Walid%20Georgey-EUW/matches/uRd1PvnOddpQ6tg8D3gw1fFeX6jUk6AbSMRYlOkS5AQ%3D/1734258242000,1.0,37,29,30,37,54,76,94,66,29,32,3,0,1,0,10,4,4,0,67705,59777,16.2,15.0,931,908,30.5,29.6,7928,-7928,2211.469849246231,1952.5150753768844,24,104,61,81,89,82,62,50,22,526,221057,3157,3111,3078,6610,1054,3340,1037,3142,3111,3033,6673,6676,3364,3111,6655,3040,3089,1000,1000,3363,3158,3078,3042,6694,4628,4646,3363,3877,323190,1000,3009,323109,221011,3364,3157,1006,4633,3116,3047,6653,3364,3053,3078,3047,6610,1037,1000,3364,2503,3116,1082,1056,3009,3157,3364,6672,3046,3072,3006,1055,221038,3363,3869,323190,3158,323050,3067,221031,3364,15,4,6,2,20,2,14,1,16,0,14,3,14,1,14,3,12,1,16,1,15,2,12,2,15,2,2,1,2,4,4,2,2,12,15,2,2,1,2,4,1,0,2,0,6,0
4,https://www.op.gg/summoners/euw/Walid%20Georgey-EUW/matches/uRd1PvnOddpekE7JSjLSOg1cJ2oxmi2XzsxNI92KCUg%3D/1734255768000,1.0,26,13,13,26,18,39,68,50,16,12,1,0,1,0,9,1,2,0,51648,39488,12.8,12.0,685,666,30.3,29.3,12160,-12160,2282.78453038674,1745.3259668508288,122,234,61,119,497,799,200,112,96,555,3742,6631,3047,3053,1000,1000,3340,6672,3053,3748,3047,1000,2055,3364,3020,6655,4645,221058,2055,1000,3363,6676,3006,3031,1055,221053,221038,3363,3876,1000,3067,1029,323050,3047,3364,1054,6692,1001,6699,1036,1000,3340,3044,6672,3047,1036,1042,1036,3364,4646,3020,1082,4645,221058,1056,3363,1055,3051,3124,3047,221043,1042,3363,3013,3869,3142,3134,1036,1028,3364,14,3,14,1,20,3,12,0,17,0,5,3,14,1,18,2,12,3,7,4,2,7,2,12,15,2,2,0,2,8,15,2,2,12,15,2,2,0,2,4,1,6,1,0,0,0
5,https://www.op.gg/summoners/euw/Walid%20Georgey-EUW/matches/uRd1PvnOddrQen9t_ngD1j6d_Hnm517H9b-IAlZ2gmQ%3D/1734203918000,0.0,23,30,30,23,43,29,45,63,16,18,0,3,0,1,0,9,0,4,45198,56178,12.8,14.0,696,764,27.2,30.0,-10980,10980,1765.12899408284,2193.9337278106505,80,154,893,157,40,79,234,7,81,78,3111,1037,6610,3044,2021,1028,3340,1082,3158,3065,3067,3068,221031,3364,4645,3118,3020,221058,1000,221058,3364,1055,3006,6673,1018,3153,1000,3340,3870,6620,6617,1001,2055,1082,3364,3121,3158,1052,4629,1052,221058,3364,6333,6672,6610,3047,1029,1000,3364,1056,3108,1082,3020,4628,6655,3364,221038,3078,3161,3042,221053,3158,3363,3877,323190,1000,1033,3009,3742,3364,11,4,16,2,5,4,12,3,18,3,19,2,14,1,5,4,11,1,7,1,4,2,12,2,15,2,2,5,8,2,15,2,2,12,15,2,0,2,2,4,0,2,0,1,4,2
6,https://www.op.gg/summoners/euw/Walid%20Georgey-EUW/matches/uRd1PvnOddozxWOSxGVD_GrixGAnhTfIhHhAmt0wNkE%3D/1734182354000,0.0,20,35,35,20,63,32,79,87,24,28,0,3,0,1,2,10,0,4,52634,61465,13.8,14.6,833,836,30.2,30.4,-8831,8831,1911.445263157895,2232.15,126,163,150,42,526,897,59,112,51,888,1054,3042,6692,6694,6695,1001,3364,3020,1082,3157,2503,4645,1052,3364,1055,3071,2021,3078,3047,1037,3363,1055,3047,3042,3078,3086,3144,3363,323190,3876,3158,1029,3067,1033,3364,1054,1028,3067,6662,3047,2502,3364,3143,1000,6692,3053,6610,3158,3340,3020,2503,2421,3100,4645,1056,3363,3033,3094,6676,3031,221053,3009,3340,3869,323107,323190,2055,3067,3158,3364,14,3,10,0,15,2,14,1,16,1,15,1,14,1,18,1,10,2,17,0,2,15,12,2,2,15,2,0,4,2,2,15,12,2,2,15,0,2,2,8,0,0,0,1,6,1
7,https://www.op.gg/summoners/euw/Walid%20Georgey-EUW/matches/uRd1PvnOddrMEakEfGaK6YbFowtdsN0eNrrmMqFY8fY%3D/1734174761000,0.0,18,32,32,18,59,24,63,82,21,21,1,3,0,1,3,7,1,4,51709,58583,14.0,15.4,921,885,32.300000000000004,31.1,-6874,6874,1808.4021857923497,2048.8043715846998,24,77,99,42,117,54,64,910,22,526,3157,1036,3078,3111,1000,6610,3340,2502,221057,6653,3009,3065,221011,3364,2503,4645,1056,221058,1000,3020,3340,1055,3042,3036,3078,3009,1000,3363,323107,3870,6617,2055,3158,1000,3364,1054,3047,323110,3068,221031,3076,3340,1000,6692,3111,3156,6610,1000,3340,3020,2503,3916,6653,3137,1082,3363,1055,3006,6672,3046,221053,221038,3363,3869,323190,323050,3067,2055,3158,3364,15,4,14,3,19,0,14,1,18,3,15,4,14,1,18,2,12,1,16,1,2,15,2,12,2,15,1,2,8,2,2,15,2,12,2,15,2,0,2,4,1,6,0,0,0,1
8,https://www.op.gg/summoners/euw/Walid%20Georgey-EUW/matches/uRd1PvnOddr64f-5gP7j9A_KsUimsDUP-rHmM1btwEA%3D/1734120129000,1.0,23,7,7,23,5,27,34,32,9,5,1,0,0,0,3,0,1,0,35375,24053,9.8,8.6,504,403,31.1,24.9,11322,-11322,2176.923076923077,1480.1846153846154,516,131,157,429,526,777,28,50,24,117,1054,323070,2031,3047,6664,2055,3363,221058,1082,3152,3020,1000,1052,3513,1055,3153,3006,6673,1037,1042,3363,1055,3153,3124,2055,3006,1000,3363,3877,323050,1029,3067,3158,1000,3364,1055,3006,2031,221043,221053,1037,3340,1106,1082,3802,3010,221026,1000,3340,1056,2031,2503,1082,1001,1000,3340,1001,3078,1054,3133,1028,1028,3340,1000,3870,2031,3067,3158,4642,3364,15,1,14,1,12,3,12,0,16,1,12,3,5,4,14,4,12,1,18,3,15,2,12,2,15,2,2,0,2,4,15,2,12,2,0,2,2,15,8,2,1,3,0,0,0,0
9,https://www.op.gg/summoners/euw/Walid%20Georgey-EUW/matches/uRd1PvnOddpVfCmb-AfcDZf6MhT_ZCyBtYrHHcfmDrA%3D/1734112139000,1.0,25,19,19,25,15,32,61,40,10,13,1,2,1,0,9,4,2,2,51676,45474,13.6,12.6,738,784,30.6,32.7,6202,-6202,2142.663414634146,1885.5073170731705,19,234,103,143,111,122,59,246,51,99,3047,1054,6631,3066,1029,1000,3363,3078,6672,3047,2021,3133,1028,3340,3020,1082,3089,3118,4628,1000,3364,1056,6653,3020,2503,4630,1052,3363,3877,323190,323109,1000,1000,3047,3364,6631,3123,221057,3053,3009,3066,3364,6610,6692,3047,1036,2055,1036,3364,3142,6698,1036,1036,3158,1036,3364,221038,1018,1055,6676,3036,3009,3363,1001,6655,3145,3871,3113,1000,3364,11,4,14,0,5,4,19,2,16,1,14,4,14,1,5,2,13,4,19,2,2,0,2,12,15,2,2,15,2,4,2,7,2,12,2,15,2,0,2,8,1,6,2,0,0,0
10,https://www.op.gg/summoners/euw/Walid%20Georgey-EUW/matches/uRd1PvnOddoEHblH9JrDjAVpHBhLtkCkaN2sD9QqnaM%3D/1734087262000,0.0,19,34,35,19,56,24,76,75,30,27,1,3,1,1,2,8,2,4,52364,61185,13.4,14.8,827,859,28.9,29.9,-8821,8821,1826.0266666666664,2133.630769230769,92,234,101,81,518,79,19,893,222,111,1055,6610,6692,3111,6333,1000,3364,3748,1000,6672,6610,3111,1000,3364,6655,3020,4645,1056,3108,1052,3363,3072,3042,3158,3078,1000,1000,3363,3869,1000,3152,3158,2421,1000,3364,3040,2031,4629,3158,3100,1056,3363,6631,1000,3047,2021,3153,3065,3364,3118,3157,1000,3009,4645,1000,3364,3046,3006,6676,3031,3072,1000,3363,3869,323190,323109,1000,3111,1000,3364,14,1,14,1,19,2,14,1,19,1,20,1,11,4,19,2,12,4,16,1,2,15,2,12,2,15,0,2,4,2,2,15,2,12,2,15,2,0,2,4,1,3,0,0,3,2
11,https://www.op.gg/summoners/euw/Walid%20Georgey-EUW/matches/uRd1PvnOddo2wOC9PQv_QR9z8X8tPRqXChYGHTik75I%3D/1734035409000,1.0,22,14,14,22,11,22,31,29,5,1,2,0,0,0,3,0,2,0,33429,29445,10.4,9.8,452,476,28.2,29.8,3984,-3984,2077.141747572816,1829.5922330097087,39,19,1,42,117,41,62,61,22,74,1055,2031,3153,2019,1036,1001,3363,6631,3153,1000,3009,1106,1000,3364,1056,3118,3145,3020,3113,1000,3340,1055,3078,2031,3009,323070,1036,3340,3870,1000,1028,6617,2422,1000,3364,3078,3123,1083,1055,3047,1018,3363,3123,3078,1106,2422,1036,1036,3364,1056,323070,1001,6655,2031,1052,3340,1055,3006,3032,1042,1042,1000,3363,3020,2503,3871,3916,2055,1000,3364,14,3,11,1,5,4,14,1,18,1,15,1,14,1,18,1,12,1,14,4,15,2,12,2,2,15,2,0,8,2,2,15,2,12,2,15,2,0,2,5,0,6,0,0,0,0
12,https://www.op.gg/summoners/euw/Walid%20Georgey-EUW/matches/uRd1PvnOddqo-PD3bouVPdQbb7-fzE4858nUHu2cbQ8%3D/1734003607000,1.0,35,20,20,35,30,85,80,77,30,23,3,2,2,0,10,4,5,2,72683,60048,17.0,15.8,1094,1044,33.3,31.8,12635,-12635,2221.631320754717,1835.429433962264,122,234,268,42,526,79,62,86,221,117,6631,3053,1000,221031,6333,3111,3364,6672,221038,2019,6610,3047,6333,3364,221058,3157,3115,3089,3020,6653,3363,3047,1055,3094,3042,3078,3033,3363,3877,323190,2055,3067,3158,323050,3364,3135,3009,1000,3802,3100,4629,3363,3071,3047,6610,1000,1000,3078,3364,6631,3046,3033,3031,3009,1000,3364,3031,3006,3085,3032,3036,221038,3363,323107,3870,6617,2055,3158,222022,3364,14,4,14,1,11,4,14,1,16,1,20,2,14,1,20,3,12,1,18,3,2,7,2,12,2,15,0,2,2,4,15,2,2,12,2,4,2,5,8,2,1,5,3,0,1,0
13,https://www.op.gg/summoners/euw/Walid%20Georgey-EUW/matches/uRd1PvnOddo1nGb9ZLxT_Q8fABvi6EaPpJzvsgJf24w%3D/1734000577000,1.0,33,30,30,34,48,52,50,75,25,17,2,2,1,0,10,3,3,2,68635,56218,15.6,14.4,944,903,31.8,30.4,12417,-12417,2317.936403508772,1898.590350877193,54,79,238,51,44,68,19,157,112,111,1056,1001,6664,323075,8020,221057,3363,4630,3100,3020,3041,4646,3089,3364,6692,6695,6699,3814,3156,3158,3364,1055,3031,6676,3006,3036,3086,3363,323190,3121,3869,2055,3111,3067,3364,6653,4633,1052,3020,1082,3135,3363,6631,3153,3053,3111,2055,1028,3364,3153,6673,3006,1055,221038,1018,3363,3135,3020,3100,1052,1052,6655,3363,3877,323190,2055,8020,3009,3067,3364,19,1,6,1,10,4,12,0,17,2,19,0,12,1,12,3,18,3,16,1,2,15,12,2,2,15,2,0,4,2,2,15,12,2,4,2,15,2,2,4,1,3,2,0,3,0
14,https://www.op.gg/summoners/euw/Walid%20Georgey-EUW/matches/uRd1PvnOddrodWTlSYZyhh68jO3YtrGwMbI1nRMoZTo%3D/1733956050000,1.0,23,12,12,23,12,36,35,32,12,9,1,1,0,0,3,1,1,1,37662,29589,10.8,9.6,558,499,33.7,30.1,8073,-8073,2273.291891891892,1786.002702702703,897,59,112,222,526,86,30,777,51,111,1054,323070,6662,1029,2422,2504,3340,1105,6692,2422,6610,2021,1028,3364,1056,6655,3020,221058,1052,1052,3363,1055,3006,6676,3094,1000,1000,3340,1028,3869,323190,1000,1000,3111,3364,3009,1000,6631,1000,1000,1000,3340,3020,1082,1106,2503,3145,1000,3364,1054,2031,1037,3153,3006,1036,3340,1055,1001,6676,221038,1037,1018,3340,323190,3877,1000,1000,1000,3047,3364,15,1,14,1,18,2,11,4,16,1,20,3,6,2,13,3,12,4,16,1,15,2,12,2,2,15,0,2,2,4,4,2,2,12,2,15,0,2,2,4,0,5,0,0,1,0
15,https://www.op.gg/summoners/euw/Walid%20Georgey-EUW/matches/uRd1PvnOddqdxm2EI6dSrXF3YHjnma8ZfxfgcjatUPs%3D/1733954022000,1.0,38,31,31,38,48,71,86,86,34,24,4,1,0,1,6,4,4,2,64679,63904,15.4,15.2,924,944,30.2,30.7,775,-775,2097.697297297297,2072.562162162162,58,203,112,136,89,19,104,84,81,526,3053,3082,3123,3047,6692,3071,3364,3078,1037,1001,1018,6673,6672,3364,3089,4646,3100,6655,3020,1000,3364,3020,2055,3157,6653,1082,3116,3363,323190,3869,1000,3083,3047,1000,3364,3082,1028,6631,3047,3065,3153,3364,3142,6676,3031,3111,3155,3036,3364,2055,3152,3157,3111,4645,1052,3340,3158,3078,3042,6694,4628,221053,3363,3877,323190,2055,3111,323050,3067,3364,14,3,11,0,18,2,19,2,16,1,12,3,6,2,5,3,14,1,16,1,2,15,12,2,15,2,2,15,2,4,0,2,12,2,2,15,2,15,2,4,1,5,1,0,1,0
16,https://www.op.gg/summoners/euw/Walid%20Georgey-EUW/matches/uRd1PvnOddrR3ok93nZkqxL5RDvQnyg147yDA3tuiaY%3D/1733951264000,1.0,28,19,19,28,28,40,59,68,21,26,1,2,1,0,9,1,2,2,53985,44073,14.0,12.4,785,738,33.1,31.2,9912,-9912,2281.5089285714284,1862.6089285714288,777,72,112,81,154,74,62,38,22,497,3031,1000,6673,1054,3006,3153,3364,3742,3084,3053,2422,1033,1000,3364,3020,2031,221058,6655,1056,3100,3363,1055,3133,3158,3078,323070,1000,3340,3869,323109,3158,323050,1028,1000,3364,3118,1000,3116,3020,1000,1056,3340,3071,3155,3009,3078,1036,1036,3364,1054,3118,3040,3158,1082,221058,3364,1055,3006,3087,3085,3123,1000,3363,3876,3067,323050,2055,1000,3111,3364,13,3,16,1,10,4,11,1,16,2,5,4,14,1,13,3,12,1,17,0,2,15,12,2,2,15,2,1,2,4,15,2,2,12,15,2,0,2,2,8,1,6,2,0,0,0
17,https://www.op.gg/summoners/euw/Walid%20Georgey-EUW/matches/uRd1PvnOddqFm4Pyf-Eop6LzDDuQGPRR9fa1fhcQjp8%3D/1733949096000,1.0,48,24,24,48,44,97,73,83,29,20,2,1,1,0,10,3,3,1,67861,55479,16.0,14.2,875,860,29.1,28.6,12382,-12382,2242.103524229075,1833.0066079295157,897,254,84,81,201,23,64,112,50,111,3065,221057,3047,6662,6665,3066,3364,3053,6610,3026,3111,3071,3065,3364,3089,3102,4646,1082,4645,1001,3364,3042,3078,1055,3158,6694,1036,3363,3869,1000,1000,8020,3158,323190,3364,3074,3006,3153,6675,1036,1036,3340,6610,3053,2055,2422,6692,1029,3340,1056,2503,3020,6653,3135,3108,3363,2503,6653,3147,1082,3020,3157,3340,3869,323190,2055,323109,3047,1028,3364,15,4,14,1,5,3,14,1,17,1,15,2,14,1,10,4,14,3,16,1,15,2,2,12,4,2,2,0,2,4,2,7,2,12,2,15,7,2,2,4,1,5,2,0,1,0
18,https://www.op.gg/summoners/euw/Walid%20Georgey-EUW/matches/uRd1PvnOddqYktgKHgVXcFwmdATm4Ochtg_ZC0bdoAg%3D/1733939489000,1.0,34,25,25,34,42,69,99,96,44,52,3,2,1,1,5,6,4,3,73818,71796,17.4,16.4,1174,1078,31.8,29.3,2022,-2022,2007.602510460251,1952.610878661088,68,78,157,42,526,13,72,34,119,518,221058,4645,3111,6653,3102,1000,3364,4401,323190,2504,6664,3111,3066,3364,6673,3091,221038,3111,3153,6675,3363,3036,3042,3078,3094,3031,3047,3363,3869,323190,8020,2055,323050,3158,3364,3089,3040,1000,3111,3135,6655,3363,2502,1028,3084,3065,3111,3082,3364,3118,3803,1000,3135,3009,3157,3363,3094,3036,3006,3032,3031,3072,3363,3871,3152,3157,3137,1000,3158,3364,19,3,20,1,14,3,14,1,16,1,20,1,15,1,5,2,12,0,19,1,15,2,2,12,15,2,2,0,2,4,15,2,2,12,4,2,2,1,2,8,0,4,0,1,2,0
19,https://www.op.gg/summoners/euw/Walid%20Georgey-EUW/matches/uRd1PvnOddqlcEybD4qABf4pFBU1mTHPtCZ6G23Qwhg%3D/1733930380000,0.0,24,35,35,24,64,38,86,85,26,38,1,4,0,1,3,9,1,5,57005,67650,15.0,16.0,853,958,27.9,31.3,-10645,10645,1870.005291005291,2219.2063492063494,897,234,112,99,432,150,141,84,119,111,6662,2502,3065,3076,3047,221031,3364,6672,3748,221011,3047,3123,1036,3364,3916,3158,2503,1082,3135,6653,3363,3040,3157,1056,1001,3089,2055,3363,3877,3742,3916,3084,3067,3009,3364,3078,3071,3211,3067,1055,3009,3364,3161,3071,3053,3158,3211,1000,3364,3135,4645,3211,3111,221057,6653,3364,6676,3046,3036,3031,223172,3072,3363,3869,323190,1000,323109,3009,3067,3364,16,1,14,1,15,4,19,2,17,0,15,2,14,1,13,3,12,0,16,1,15,2,2,12,15,2,2,0,2,4,2,15,2,12,2,15,2,8,2,4,1,5,0,0,1,1
20,https://www.op.gg/summoners/euw/Walid%20Georgey-EUW/matches/uRd1PvnOddqb6JmFGbGsgCYcLBsrcrpKIZZbuJyT6dk%3D/1733927417000,0.0,35,44,44,35,68,65,73,79,23,32,2,2,0,2,3,10,2,4,63452,73294,15.4,16.8,879,944,27.1,29.2,-9842,9842,1952.3692307692309,2255.2,6,799,516,51,99,150,35,517,42,432,3742,3053,2021,3009,1028,1036,3364,3161,3111,6699,6333,3065,1000,3364,6665,2502,6664,1000,3047,3076,3340,3006,3086,1055,3031,6676,3033,3363,6655,1052,4646,3871,3089,3009,3364,3071,3078,3047,6333,3053,221038,3364,6692,8020,3143,3009,1028,3742,3364,3157,3152,4629,3020,221058,221058,3364,3094,3042,3078,3047,3036,1000,3363,3877,3084,4005,221011,221031,3009,3364,20,1,14,1,15,1,7,4,19,2,15,2,7,2,14,3,14,1,17,0,2,15,2,12,2,15,0,2,2,8,15,2,4,12,2,15,2,0,2,4,0,0,0,1,3,2
21,https://www.op.gg/summoners/euw/Walid%20Georgey-EUW/matches/uRd1PvnOddrauFKjQn38KR7Lj1nVtwqyWHS38c2v1xc%3D/1733873076000,1.0,30,18,18,30,34,59,68,54,19,21,1,2,1,0,8,3,2,2,58816,47978,14.2,12.6,815,767,31.1,29.2,10838,-10838,2239.187817258883,1826.5736040609136,897,234,893,119,526,92,131,157,22,117,221011,221057,6662,3121,3047,6665,3364,3748,1000,3143,6672,3047,1036,3364,4645,221058,1082,3020,221058,6655,3364,1000,6697,6695,3006,1055,6701,3363,3877,323190,323050,1000,1028,3158,3364,6692,3158,6610,1037,1036,1055,3364,6653,3157,1000,3020,1082,3115,3364,1054,6631,3006,3153,1036,1000,3363,6672,2031,3046,3036,1055,3006,3340,323107,3870,1000,1028,6617,3158,3364,15,1,14,1,5,4,12,0,16,1,14,1,14,1,15,2,12,1,18,3,15,2,2,12,2,15,2,1,2,4,2,15,2,12,15,2,2,0,2,8,1,1,1,0,5,0
22,https://www.op.gg/summoners/euw/Walid%20Georgey-EUW/matches/uRd1PvnOddruub_0S6jytLt7bfaKgfCIwkauwfk_qtY%3D/1733870379000,1.0,29,11,11,29,8,42,52,50,17,13,0,1,0,0,9,2,0,1,47444,35770,12.0,10.8,630,546,30.9,26.7,11674,-11674,2338.7887323943664,1763.3098591549297,58,234,518,22,497,24,254,517,202,555,221031,3071,1000,3053,3047,1054,3364,3748,6672,1028,3047,1028,1000,3364,3152,3157,2508,1056,1082,3158,3363,1055,6672,3046,3047,1036,1000,3363,3876,3047,323050,3067,1033,2055,3364,3047,2021,3078,3133,1054,1028,3340,6610,3047,2055,3044,1000,1000,3364,3152,4629,3020,1054,1000,1000,3364,1036,6676,1036,1036,3009,1055,3363,3877,3142,2055,3179,1036,3009,3364,14,3,14,1,19,2,12,1,17,0,15,1,14,0,14,3,13,1,7,1,2,15,2,12,2,15,2,0,2,8,2,15,2,12,15,2,2,1,2,4,1,6,1,0,0,0
23,https://www.op.gg/summoners/euw/Walid%20Georgey-EUW/matches/uRd1PvnOddpp1-6o7z92sqCiyziN1P2L48gBOcaJL0A%3D/1733868089000,1.0,32,20,20,32,24,67,66,70,26,13,2,1,1,0,7,5,3,1,52880,46743,14.0,12.2,750,689,29.1,26.7,6137,-6137,2063.609756097561,1824.117073170732,54,234,517,110,526,85,113,777,22,888,3143,1028,2504,1000,1000,3111,3364,3748,3143,3111,2021,6672,2055,3364,1056,3152,2421,3020,4629,1082,3340,3042,6701,1000,3814,1000,3009,3340,3877,3111,323190,323050,1028,1000,3364,1056,3152,1082,3020,4646,4630,3363,3066,323190,3111,221011,1028,1000,3364,1037,3006,3153,6673,221038,1018,3363,3006,2055,1055,6672,3033,3085,3363,3876,2055,323109,3067,3114,3158,3364,18,3,14,1,14,3,19,1,16,1,15,0,16,0,12,3,12,1,17,0,2,15,2,12,15,2,2,1,2,4,2,15,2,12,15,2,1,2,2,8,0,5,1,1,1,0
24,https://www.op.gg/summoners/euw/Walid%20Georgey-EUW/matches/uRd1PvnOddpPa6Y1g-OLCr67eTwkiUqn9FO-hHIei80%3D/1733865273000,1.0,47,23,23,47,33,89,89,100,41,26,2,1,1,0,11,2,3,1,67248,55028,15.8,14.2,892,862,30.8,29.8,12220,-12220,2320.056,1898.466,86,104,7,50,89,41,5,34,119,497,3742,3143,6631,3009,221057,3066,3340,6676,3142,1000,3047,6673,1018,3364,4645,3135,1000,3020,6655,1082,3364,3157,3116,3041,3047,4629,2503,3363,3877,323109,2055,323050,323190,3047,3364,3078,3033,6676,6673,1000,3111,3363,6610,3091,1029,3111,3071,1029,3364,6657,3147,3020,3040,2508,1000,3363,1055,3134,221038,3072,3111,3036,3363,3869,3111,2055,3067,221057,323190,3364,20,3,6,2,5,4,14,3,16,0,18,3,14,1,19,2,12,0,17,0,4,2,2,12,2,15,2,5,2,4,2,15,2,12,2,15,2,1,2,8,1,0,3,0,6,0
25,https://www.op.gg/summoners/euw/Walid%20Georgey-EUW/matches/uRd1PvnOddpEB2aG9bzhbDB7JpOer2atGzHwEpvqBWw%3D/1733859987000,1.0,20,11,11,20,24,45,53,50,15,11,1,1,0,0,7,2,1,1,45000,37383,12.2,11.4,657,683,29.2,30.4,7617,-7617,1997.3262032085563,1659.2454545454543,58,427,517,42,432,13,30,246,51,526,3111,6631,2021,1054,3053,1028,3364,6617,3158,323107,3041,2055,1000,3364,1054,3152,4629,3111,1082,1052,3340,1055,3078,3042,1036,3047,1000,3363,3742,3877,3144,1036,3111,1000,3364,3040,6657,3158,221058,1000,1000,3363,2055,2503,1082,3147,1052,3020,3363,3142,3035,6695,3158,222022,1000,3364,1055,6676,1037,3006,221038,1018,3363,3877,323050,2055,1029,222022,3158,3364,14,3,18,1,14,3,14,1,17,1,20,3,6,2,5,2,12,1,16,1,2,15,2,12,15,2,0,2,2,4,15,2,12,2,2,15,0,2,2,4,1,6,0,0,0,0
26,https://www.op.gg/summoners/euw/Walid%20Georgey-EUW/matches/uRd1PvnOddq4sMrSbT4EH1nj_fcJDERbrIBuh6DJnIo%3D/1733833068000,0.0,20,28,28,20,75,31,77,72,28,31,0,4,1,0,2,6,1,4,52467,58802,14.2,15.0,835,963,29.3,33.7,-6335,6335,1835.0527093596056,2056.6216748768475,24,799,619,145,117,92,30,901,222,111,3157,6610,2055,3078,3047,2021,3340,3047,6692,3161,3071,1000,1000,3364,1054,4633,3047,3068,1000,1000,3340,3031,6672,3006,6675,1000,1000,3363,2055,3870,6617,3114,3158,3067,3364,2055,3047,6610,2019,3071,6692,3364,6653,3118,221058,3145,3020,1000,3363,3094,3078,3042,3158,3123,3035,3363,3006,3032,3031,3085,1018,1055,3363,323190,3869,2055,3111,3067,3114,3364,15,4,14,0,16,4,12,1,18,3,14,1,6,1,15,2,12,4,16,1,2,15,2,12,15,2,2,0,8,2,2,15,12,2,2,15,0,2,2,4,0,4,0,1,2,0
27,https://www.op.gg/summoners/euw/Walid%20Georgey-EUW/matches/uRd1PvnOddqZDRSUPnHQslsE67s93qvS0-Z3b4wLCB4%3D/1733830474000,1.0,28,23,23,28,39,46,80,93,34,25,1,4,2,0,9,8,3,4,66368,56340,15.8,14.4,952,856,30.6,27.5,10028,-10028,2120.0888888888885,1799.7499999999998,150,64,268,222,223,54,234,517,901,497,3111,3078,3053,1000,221043,221057,3364,3053,6692,1000,6610,1028,3047,3340,3115,3157,221058,6653,3916,3020,3363,1000,3085,3036,3006,3031,6676,3363,323190,3111,3877,221031,3084,3076,3364,323110,3047,2504,3082,1000,1056,3363,6672,2021,1037,6610,3047,1028,3364,3152,3157,4629,221058,221058,3020,3364,221053,3094,3036,3161,3508,3158,3363,1000,3876,323190,323050,3158,1000,3364,15,2,14,1,14,1,12,0,15,1,19,3,14,1,14,3,13,1,17,0,15,2,2,12,2,15,2,0,4,2,2,15,2,12,15,2,2,0,2,8,0,6,2,1,0,2
28,https://www.op.gg/summoners/euw/Walid%20Georgey-EUW/matches/uRd1PvnOddregj6xoOpSiGTIwfVovm38mEQWg9EK_bw%3D/1733827901000,0.0,19,43,43,19,49,33,62,72,19,16,1,3,0,1,1,10,1,4,50815,61761,13.8,15.0,802,824,30.7,31.5,-10946,10946,1934.4346590909088,2351.1289772727278,58,25,64,222,117,92,62,134,143,526,3047,3053,3071,1028,221057,1000,3364,2055,2503,3157,1000,3020,6653,3364,3074,3155,3071,1054,3133,3111,3340,1055,3031,6676,3085,3006,1018,3363,2055,3870,3114,3158,6617,3067,3364,3071,3047,6692,3161,1037,3133,3340,6610,3078,2021,3111,1036,1037,3364,3089,6655,3135,4646,1082,3020,3363,6653,3165,2503,1056,1082,3020,3363,3869,2055,323050,3158,8020,3067,3364,14,3,10,2,14,3,12,0,18,3,14,4,14,1,10,4,19,2,16,1,15,2,2,12,15,2,2,0,8,2,2,4,12,2,2,15,2,15,2,4,1,3,0,0,3,2
29,https://www.op.gg/summoners/euw/Walid%20Georgey-EUW/matches/uRd1PvnOddpLadOt5ji20CigxM7B92r4StNEf9y0tlk%3D/1733741346000,0.0,13,20,20,13,25,13,61,66,19,12,1,2,0,0,3,5,1,2,45064,49495,13.2,13.8,815,824,30.8,31.3,-4431,4431,1707.2704845814976,1875.1409691629956,58,200,134,42,267,24,62,61,81,40,3053,6692,1000,3047,3044,3067,3340,3181,6672,1042,3009,1036,1000,3364,4645,6655,3020,2055,1056,1082,3363,1055,3042,3078,2422,1018,3035,3363,3876,3009,3504,4005,1082,1000,3364,2031,6610,3047,1029,3078,1000,3340,6610,3078,1000,1037,3047,1000,3364,1056,221058,221058,3020,3040,6655,3363,3042,1000,221038,3158,3078,1055,3363,6620,3870,1082,3009,6617,3114,3364,14,3,11,0,19,1,14,1,18,0,15,4,14,1,20,2,11,4,18,3,15,2,12,2,2,15,2,0,2,8,2,15,2,12,2,15,2,0,8,2,0,3,0,1,3,0
30,https://www.op.gg/summoners/euw/Walid%20Georgey-EUW/matches/uRd1PvnOddpCDvii2UnpDTJ-2epR0gi1RmhqZXiynUw%3D/1733700700000,0.0,16,35,35,16,55,18,72,52,12,26,0,4,0,1,2,8,0,5,43368,54890,12.0,14.2,640,781,26.4,32.3,-11522,11522,1788.6237288135594,2263.824858757062,39,876,55,64,78,58,72,84,42,267,1055,3047,2031,3153,3181,1000,3340,2420,6653,1082,3158,4633,2055,3364,1054,3020,6653,3115,1082,3145,3340,6692,6610,3047,1000,1054,1000,3340,3877,3013,3742,323190,2055,1000,3364,1055,6692,3161,1001,1037,1028,3364,3065,3084,1000,2502,1000,3047,3364,3041,221058,221058,4646,4645,1001,3364,1055,3508,3009,3031,3086,3036,3363,3158,3870,323222,4005,1082,1052,3364,14,1,14,1,14,0,14,3,7,1,14,3,15,1,5,3,14,1,18,3,15,2,2,12,15,2,2,15,2,4,2,15,2,12,4,2,5,2,2,8,0,3,0,1,3,1
31,https://www.op.gg/summoners/euw/Walid%20Georgey-EUW/matches/uRd1PvnOddokRIv87MwhJCxSY9QMrN8Xo20E2XIK4Ug%3D/1733698339000,0.0,12,23,23,12,28,16,32,24,4,12,0,2,0,0,1,4,0,2,28502,36497,9.4,9.8,423,522,26.6,33.0,-7995,7995,1805.1266666666668,2311.476666666667,893,72,238,110,43,39,234,163,51,25,3020,6655,1000,1052,1000,1000,3340,1107,3084,1028,1028,2422,1033,3364,6699,2031,1036,1001,1036,1000,3340,1055,3142,3134,323070,1001,1000,3340,3871,2031,4005,3158,222022,2055,3364,1054,3153,2055,3181,221057,1001,3364,1105,6672,3009,2021,1036,221011,3364,3020,2420,6655,1052,1052,1056,3340,3006,1055,221038,6676,2031,1018,3363,323107,3876,1029,3158,3067,2055,3364,15,2,16,1,5,3,19,1,19,1,14,3,14,1,5,2,13,4,19,1,15,2,2,12,2,4,2,1,2,8,2,15,2,12,15,2,0,2,2,8,0,3,0,0,3,0
32,https://www.op.gg/summoners/euw/Walid%20Georgey-EUW/matches/uRd1PvnOddpo4oSoaOp2282C0lj72eA1tlIL47A9huw%3D/1733695221000,1.0,20,5,6,20,8,32,43,37,10,9,0,1,0,0,2,0,0,1,34053,25896,10.0,9.6,481,507,31.0,32.7,8157,-8157,2179.392,1657.344,887,876,238,221,497,24,77,50,42,555,1056,4633,3108,1042,221026,3111,3364,1106,6653,1000,1082,1028,3158,3513,6692,3134,3133,1000,3158,2031,3364,1055,2031,3086,3032,3006,3144,3363,3876,323050,1028,2055,3047,222022,3364,1054,1001,3057,3044,1036,1036,3340,221031,1000,1028,6653,1000,1001,3364,2503,1056,1082,222022,1000,3009,3340,2422,2031,3078,1055,323070,1036,3363,3877,3179,2055,3009,1036,1000,3364,14,3,14,1,10,2,12,3,17,0,15,4,14,4,18,2,14,1,7,3,4,15,2,12,2,15,2,0,2,8,2,15,2,12,7,2,0,2,2,4,1,6,0,0,0,0
33,https://www.op.gg/summoners/euw/Walid%20Georgey-EUW/matches/uRd1PvnOddqUK82aLGK7UOMxb9bVvDcyJn6oZgvAqb0%3D/1733693191000,1.0,36,21,21,36,43,77,62,51,13,18,2,0,1,0,8,1,3,0,54086,42749,13.4,11.8,693,602,30.8,26.7,11337,-11337,2395.7557046979864,1893.579865771812,897,76,163,81,201,516,72,268,429,111,6662,2055,3111,1033,2504,2502,3363,3157,1000,1082,3111,1052,6653,3364,3020,6655,6653,1082,3135,1000,3363,1055,3042,3078,3158,6694,1033,3363,323190,3876,3111,221057,3067,1000,3364,1054,6664,6665,2055,3111,1000,3340,3053,3084,2055,1029,3111,1000,3364,4630,3115,3020,6653,1000,1000,3340,1055,3153,3006,3124,3051,221043,3363,3877,3009,3083,1000,2055,1000,3364,15,4,14,4,20,2,14,1,17,1,15,1,16,1,19,2,12,0,16,1,15,2,2,12,15,2,2,0,8,2,2,15,2,12,15,2,2,0,2,4,0,6,2,1,0,0
34,https://www.op.gg/summoners/euw/Walid%20Georgey-EUW/matches/uRd1PvnOddoMKebuhVvhjoDxexetfXayMpLxLJEPibE%3D/1733690426000,0.0,13,25,25,13,63,18,71,66,23,29,0,4,0,1,3,7,0,5,49025,57108,13.2,14.8,894,836,31.4,29.3,-8083,8083,1726.532608695652,2011.1947826086955,79,64,901,157,37,78,5,619,16,111,3158,3121,4629,1056,1082,3076,3364,6692,2055,3047,6610,1036,3067,3340,1055,3033,1000,3508,3009,3161,3363,1054,221038,3006,1037,6672,3033,3340,6620,3870,3916,3158,323070,3108,3364,3121,6610,323075,3111,2055,2502,3364,6610,1000,6692,1001,3161,3211,3363,1054,3047,1000,3068,323110,4633,3364,6621,323107,6617,1000,3009,1000,3363,3877,323190,2055,3009,3067,323075,3364,20,1,14,1,14,1,12,3,18,3,15,4,14,0,16,4,18,3,16,1,2,15,2,12,2,15,2,5,2,8,2,15,12,2,2,15,8,2,2,4,0,1,0,0,5,0
35,https://www.op.gg/summoners/euw/Walid%20Georgey-EUW/matches/uRd1PvnOddr1I9DImrKrydqQeRYe3tQF_7kNWRH69Gs%3D/1733678624000,1.0,42,17,18,42,15,54,58,53,15,8,3,0,1,0,10,2,4,0,58926,43628,14.4,12.6,729,641,30.1,26.5,15298,-15298,2433.9,1802.0260869565216,897,60,42,51,888,164,234,112,134,111,6665,3143,1000,6662,3111,1000,3364,3089,4646,1082,3020,3102,2055,3364,1055,3094,3078,3042,1000,3111,3363,3031,3006,6676,3036,221038,1055,3363,3869,323190,323107,2055,3067,3158,3364,1037,3074,3078,1001,1055,1028,3364,6676,3078,2422,1037,2055,1000,3364,3020,1082,4646,3145,4630,221026,3363,1056,4645,6655,3020,1000,1052,3363,3869,323190,3067,1029,1000,3009,3364,15,1,6,2,14,1,12,0,17,0,15,4,14,1,18,3,18,1,16,1,15,2,2,12,15,2,2,0,2,8,15,2,12,2,2,15,2,15,2,4,1,4,1,0,1,0
36,https://www.op.gg/summoners/euw/Walid%20Georgey-EUW/matches/uRd1PvnOddpEjtmjBkwo2ldD9DSAmYGut2pJn94UC28%3D/1733676723000,1.0,31,13,14,31,21,48,66,72,23,18,1,2,1,0,11,3,2,2,58252,47289,14.8,13.4,843,851,33.0,33.3,10963,-10963,2289.3799126637555,1858.519650655022,26,234,777,163,57,42,143,887,157,526,1056,3040,4629,3158,3024,1000,3340,6672,3748,1000,3111,3091,2021,3364,3031,1000,1000,3153,6673,3006,3364,3020,3157,6655,3041,4629,1052,3363,3869,2055,323190,3009,3067,323002,3364,3042,1000,3047,3078,3144,1000,3363,2503,6653,2055,3020,1000,1000,3364,1056,4645,3158,221058,3115,221058,3363,1055,6672,3006,6673,1037,221038,3363,323050,3869,3111,3067,1029,1000,3364,18,3,14,1,12,3,6,2,16,1,14,3,19,2,14,3,12,3,16,1,15,2,2,12,15,2,15,2,2,4,15,2,2,12,15,2,5,2,2,4,1,6,2,0,0,0
37,https://www.op.gg/summoners/euw/Walid%20Georgey-EUW/matches/uRd1PvnOddpmETI9eUupJTaiTAiYigPvgv7fGNMZ_Uw%3D/1733670451000,1.0,33,31,31,33,55,59,136,97,38,63,4,2,1,1,10,7,5,3,74846,75110,17.0,16.8,1033,1159,27.2,30.4,-264,264,1979.1009615384612,1986.0817307692307,897,5,34,429,888,74,62,777,22,147,3067,221031,3111,323075,2504,6662,3363,3071,6610,3053,3047,2019,1036,3364,3118,3009,6653,221058,3803,3157,3363,3153,3072,3124,3006,6665,3302,3363,3876,323107,323190,323109,4638,3158,3364,6653,3157,2503,3158,3116,221058,3340,6610,3078,3156,3047,1000,6333,3364,3031,3006,3153,6673,6665,3123,3340,1037,3031,3085,6672,3006,3036,3363,3870,323107,221058,3504,6621,3158,3364,16,1,14,1,5,2,12,0,17,0,14,4,20,2,12,3,12,1,19,3,15,2,2,12,4,2,2,1,2,8,2,15,2,12,2,15,2,0,2,8,1,3,1,0,3,1
38,https://www.op.gg/summoners/euw/Walid%20Georgey-EUW/matches/uRd1PvnOddoDCDhY9Df2eORKgHZw_ha1hd9oGMzjwfI%3D/1733664425000,1.0,43,41,41,43,63,66,145,97,38,62,2,4,2,2,8,9,4,6,104416,102292,18.0,18.0,1628,1636,32.0,32.2,2124,-2124,2044.1227513227516,2002.541798941799,516,104,45,42,117,777,876,91,81,43,3047,3143,323075,3068,8020,6665,3340,3142,6673,3031,6676,3047,3036,3364,3157,4645,3040,3135,3009,3089,3363,3031,3047,3078,3042,3036,3094,3363,323107,3870,323190,4643,3158,6617,3364,223172,6662,3031,6673,3036,3153,3364,3116,6653,3157,3111,6665,3135,3364,3142,3814,3156,6694,6695,3009,3364,3078,3042,3047,3161,3072,6694,3363,3871,4643,323222,3158,3118,4005,3364,15,2,6,2,10,4,14,1,18,3,12,3,14,1,5,4,11,1,19,1,15,2,2,12,2,15,2,0,8,2,2,15,2,12,2,4,0,2,2,8,1,6,1,0,0,5
39,https://www.op.gg/summoners/euw/Walid%20Georgey-EUW/matches/uRd1PvnOddqgh1qj1BBKf5_Fpox1d1-ALl23UoVrW8k%3D/1733658580000,1.0,28,15,16,28,20,42,49,55,9,16,1,1,0,0,5,3,1,1,47054,39803,12.4,11.2,693,617,33.0,29.3,7251,-7251,2235.8992907801417,1891.3482269503545,897,799,134,42,99,147,62,150,51,111,8020,6662,3047,3076,221031,1000,3340,6699,6692,1000,2021,3047,1000,3364,1056,1082,3020,6655,4646,221058,3340,1037,3134,1055,3042,3078,1001,3363,3009,323107,3869,1000,2031,323190,3364,2503,3040,3158,1052,1052,1056,3363,3078,6610,1000,1033,1000,2422,3364,3053,3047,3078,1000,1000,1000,3340,6676,3006,3031,1000,1000,1000,3363,323190,3869,1000,1000,3111,1000,3364,15,1,14,1,10,4,14,1,16,0,14,4,14,1,15,2,12,0,16,1,15,2,2,12,2,15,15,2,2,8,2,15,2,12,15,2,2,0,2,4,1,4,0,0,2,0
40,https://www.op.gg/summoners/euw/Walid%20Georgey-EUW/matches/uRd1PvnOddo1kx__vCEL0HcqrOTuJwX4dVBwNMVb20I%3D/1733613125000,0.0,20,24,25,20,48,28,50,61,16,18,1,1,0,1,2,8,1,2,44235,52239,12.4,13.8,685,728,27.0,28.8,-8004,8004,1756.0628140703518,2073.8095477386937,9,72,157,51,201,79,203,154,22,526,1056,6653,1001,8020,1029,1000,3330,3084,3053,1000,3076,3111,1000,3364,1018,1000,6631,1000,3153,3006,3340,3031,3035,6676,3006,6670,1055,3363,323190,323109,3009,1000,3876,1000,3364,3802,3009,3100,4629,221058,1000,3364,3078,3111,3044,3067,2055,6672,3364,1054,3152,2502,1082,3047,3065,3340,1055,6672,3006,3046,3123,1036,3363,3869,2055,3111,323190,323050,1000,3364,18,3,15,1,12,3,12,0,17,1,15,4,14,0,14,3,12,1,16,1,2,15,12,2,2,15,2,0,2,4,15,2,2,12,2,15,0,2,2,4,0,4,0,1,2,1
41,https://www.op.gg/summoners/euw/Walid%20Georgey-EUW/matches/uRd1PvnOddr26CG_gdjQzbI-cK03qfTpOAT6mLL2jVo%3D/1733610618000,0.0,14,27,27,14,32,21,36,40,6,10,0,2,0,0,2,4,0,2,34478,42510,10.4,11.2,545,563,29.3,30.3,-8032,8032,1849.2745454545452,2280.081818181818,897,60,777,429,16,240,163,51,42,111,1054,2031,6662,3047,221031,1028,3340,1107,3020,1000,4646,3145,1082,3364,1054,2031,1000,1018,3006,3153,3340,3153,3124,3006,1055,1036,221043,3363,3869,6617,3067,1082,1004,3158,3364,3077,1055,3158,323110,323050,1000,3364,3145,6655,1082,3020,221058,2055,3364,6676,1055,3006,1037,221038,1000,3363,1055,323070,3047,3078,3086,6676,3340,323190,3869,3009,3067,1029,2055,3364,15,1,6,4,12,3,12,3,18,3,14,3,6,1,13,4,14,1,16,1,2,15,2,12,15,2,2,0,8,2,2,4,12,2,2,0,15,2,2,4,1,3,0,0,3,0
42,https://www.op.gg/summoners/euw/Walid%20Georgey-EUW/matches/uRd1PvnOddplRnqUBbSFSlFWibEiJWQU5QpEYw2TRDM%3D/1733597514000,0.0,12,30,30,12,64,12,39,45,8,9,0,2,0,0,3,5,0,2,38524,42569,10.8,11.4,625,531,31.4,26.6,-4045,4045,1926.2,2128.45,420,77,103,119,16,98,254,517,157,526,3047,3071,1037,6662,1028,1000,3363,2502,1082,6653,3009,1028,1000,3340,1056,3118,2055,3020,3113,221058,3364,221038,6676,1000,1055,221053,1001,3363,3869,6617,3067,1082,3114,3158,3364,2031,3076,1054,3742,6660,3047,3340,6610,3071,2055,3047,1000,1000,3364,3100,3152,2055,1082,3111,1052,3364,221038,3006,6672,3046,3033,1000,3363,3877,3158,323050,323075,2055,1000,3364,15,2,14,3,5,4,12,0,18,3,15,0,14,1,14,3,12,0,16,1,2,15,12,2,2,15,2,0,8,2,2,4,12,2,2,15,2,5,2,4,0,6,0,1,0,0
43,https://www.op.gg/summoners/euw/Walid%20Georgey-EUW/matches/uRd1PvnOddo-2i0fHfNqKhDZ2MvnGy-Sfi16bOTtQrI%3D/1733589777000,1.0,20,7,7,20,11,26,37,35,9,10,0,1,0,0,4,0,0,1,34402,25588,9.8,8.6,489,459,31.7,29.7,8814,-8814,2226.0117647058823,1655.6941176470589,106,72,99,42,526,54,234,134,22,12,3111,6675,6657,3067,1006,1000,3340,1000,2055,3067,3084,1029,3111,3364,3020,221058,6655,2055,1000,1056,3363,1055,323070,3078,3133,3009,1000,3363,3866,323050,2055,1000,1000,3047,3364,6664,1056,3047,2031,1029,1029,3340,6672,3047,1106,222022,1028,1036,3364,1056,6655,1082,1052,2422,1052,3340,1042,1042,1000,6672,3006,1055,3363,221031,3066,3876,3009,1000,1000,3364,15,1,15,1,19,0,14,1,16,1,19,3,14,1,10,4,12,1,16,1,15,2,2,12,2,15,2,1,2,4,2,15,2,12,2,15,2,1,4,2,0,6,0,0,0,0
44,https://www.op.gg/summoners/euw/Walid%20Georgey-EUW/matches/uRd1PvnOddrCp8DmksjuKuPeC9x8UOl-G-z96nDos6U%3D/1733586308000,1.0,43,25,25,43,46,92,84,75,20,18,2,2,1,0,9,4,3,2,69933,61058,16.2,15.0,946,962,28.8,29.4,8875,-8875,2134.105633802817,1863.272300469484,897,62,163,22,147,777,72,893,30,37,6662,4401,1000,221057,6665,3047,3364,3071,1000,3078,3111,6610,3026,3364,3020,3157,6655,6653,3041,221058,3363,3033,6672,3046,221038,3006,221057,3363,3870,323107,4643,3158,6617,323070,3364,3153,6673,3031,2055,3006,1000,3363,3065,3084,3009,3053,323075,3082,3364,3009,2421,6653,4629,3135,1056,3364,4645,2503,3020,3916,3135,221058,3363,3009,6620,3877,6616,6617,1000,3364,15,4,14,1,20,2,12,1,18,3,12,3,15,1,5,4,6,2,18,2,15,2,2,12,15,2,2,0,2,8,2,15,2,12,15,2,2,5,2,8,1,0,2,0,6,0
45,https://www.op.gg/summoners/euw/Walid%20Georgey-EUW/matches/uRd1PvnOddqnQUwwmGhoalDIuEZmQJJpenMMvz8lPNE%3D/1733583577000,0.0,17,34,34,17,62,32,69,71,23,21,0,4,0,1,4,11,0,5,50493,62256,13.6,15.4,806,952,29.6,35.0,-11763,11763,1846.7347222222224,2276.955555555556,68,203,91,147,111,34,107,61,901,526,1056,3152,221058,3020,4645,221058,3340,6676,3078,2055,1001,3031,1000,3364,3142,6694,3013,6695,3134,1000,3364,322065,1029,3040,1028,3158,6617,3363,323190,3877,2055,323109,3009,1000,3364,6657,1000,3040,2508,3147,3020,3363,2055,6698,3142,6695,1001,3035,3364,3040,3089,3020,3157,3145,221058,3363,3094,3033,6697,2422,221053,3161,3363,323190,2055,3876,3158,323050,3067,3364,20,3,11,0,5,4,18,2,16,1,19,2,14,0,18,0,19,1,16,1,2,15,2,12,2,4,15,2,2,4,2,15,2,12,2,15,2,15,2,4,0,6,1,1,0,1
46,https://www.op.gg/summoners/euw/Walid%20Georgey-EUW/matches/uRd1PvnOddpjTLtRsSD8uSNtbOm8Bwff4joIXcYcbyU%3D/1733580691000,1.0,33,16,16,33,27,52,39,43,14,6,1,1,0,0,11,0,1,1,49160,37954,12.2,11.4,636,624,29.5,28.9,11206,-11206,2270.978260869565,1753.3097826086955,23,72,517,81,43,86,36,103,42,117,1054,221038,6631,3181,3046,3006,3340,323075,3084,2055,3158,1028,1000,3364,1082,4633,3152,2421,3111,1056,3364,1055,3042,3078,3158,3133,1036,3363,3871,3118,4005,3158,1000,1000,3364,6631,3006,1000,3046,1054,1000,3340,3076,3084,2502,3009,1000,1000,3364,1056,3118,1082,3020,3108,3108,3364,3078,3042,1001,3035,1000,1000,3363,3870,6617,3009,1028,3114,1000,3364,15,2,16,1,14,3,14,4,19,1,20,3,13,1,5,1,14,1,18,3,7,2,2,12,2,15,2,0,2,8,2,4,2,12,2,15,2,0,2,8,1,6,3,0,0,0
47,https://www.op.gg/summoners/euw/Walid%20Georgey-EUW/matches/uRd1PvnOddpHVqRVyscZcOdtJr953TZ2QrULLAWNt-A%3D/1733524448000,1.0,43,23,23,43,34,58,67,83,39,29,2,2,1,0,11,3,3,2,67147,55642,15.4,14.0,923,879,31.4,30.0,11505,-11505,2285.2550420168063,1893.6983193277308,86,60,517,22,526,164,245,103,96,78,6673,3046,6631,3009,3033,1000,3340,4645,4646,1000,1082,3020,3135,3364,3152,3041,3089,221058,3020,4629,3363,1037,3006,3046,221038,3033,6672,3363,323109,3877,2055,3067,323050,3158,3364,3111,3053,3074,1055,3078,1029,3363,2421,2055,3152,1082,3100,3111,3364,4628,3157,1052,1082,3118,3111,3364,3153,221057,3124,3091,221031,3006,3363,323190,3877,3111,323050,1000,1000,3364,15,1,6,2,14,3,12,1,16,1,15,1,6,1,5,4,12,1,16,1,4,2,2,12,2,15,2,0,2,4,2,15,2,12,2,15,2,1,4,2,1,6,3,0,0,0
48,https://www.op.gg/summoners/euw/Walid%20Georgey-EUW/matches/uRd1PvnOddpNAKjxiJ1VBfcVVxB58qfdkUyCB915D4E%3D/1733520477000,1.0,20,13,13,20,18,40,92,80,40,35,2,2,0,1,9,2,2,3,54209,45689,13.6,13.6,861,841,33.0,32.2,8520,-8520,2077.167289719626,1750.6999999999998,150,234,268,115,78,86,62,84,42,497,3091,3053,3047,3082,1000,3078,3340,6610,3051,1000,3078,6690,3047,3364,1056,221058,6653,3115,221058,3020,3363,6655,2055,3020,2508,1052,3040,3363,3877,1000,3067,3742,3009,1029,3364,3742,1000,6631,3009,1037,1000,3364,3078,6610,1000,3111,1000,1000,3364,1056,4645,221058,4646,1001,1082,3364,3042,3078,1001,3094,1055,1000,3363,3869,3111,323190,2055,3067,3114,3364,15,2,14,1,14,4,19,1,7,1,20,3,14,1,5,3,14,3,17,0,2,15,2,12,15,2,2,15,2,4,4,2,2,12,4,2,2,0,8,2,1,6,1,0,0,0
49,https://www.op.gg/summoners/euw/Walid%20Georgey-EUW/matches/uRd1PvnOddraCrx50DQiUhhTdUMhlH-miAkOsSOqAD0%3D/1733518293000,0.0,17,33,33,17,48,26,63,77,29,15,1,2,0,1,2,9,1,3,46747,56230,12.8,14.2,787,782,28.8,28.7,-9483,9483,1715.48623853211,2063.4862385321103,50,200,84,42,89,86,421,517,45,111,3067,1056,323070,2503,1001,3113,3340,6672,6673,3181,221038,2504,3009,3364,1056,4645,4646,1082,1052,3020,3364,1055,3078,3042,1001,3144,3086,3363,3877,3111,323190,221057,3067,1000,3364,3053,1028,6631,3009,3742,1000,3340,3111,3748,3053,3044,1037,1000,3364,1056,3152,3020,4629,4633,1000,3363,4630,3040,3020,3089,1056,221026,3363,2055,323190,3877,221011,1028,3111,3364,15,4,11,0,5,3,14,3,16,0,20,3,14,1,14,3,5,4,16,1,2,15,2,12,4,2,2,1,4,2,4,2,12,2,2,15,2,15,4,2,0,5,0,1,1,1
50,https://www.op.gg/summoners/euw/Walid%20Georgey-EUW/matches/uRd1PvnOddpoKG6VGUi-PKexp5OplHorHOt7NApg7ks%3D/1733512377000,1.0,28,12,12,28,11,45,33,25,7,8,1,1,0,0,1,1,1,1,34192,28575,10.0,9.0,430,464,27.5,29.7,5617,-5617,2189.824719101124,1830.084269662921,26,254,246,163,526,157,36,61,119,117,1056,323003,1000,3158,1000,2055,3340,3078,2021,2422,1028,1036,1106,3364,6697,2031,6695,3158,1036,1000,3364,3020,3108,3041,6655,1056,1029,3340,3877,323050,3158,3067,2055,1029,3364,1055,3153,3006,1036,1000,1000,3363,1106,3084,3009,1028,1029,1000,3364,1056,3020,2055,323003,221058,1000,3340,1055,3134,2031,221053,1037,3006,3340,3870,3067,3114,1001,1000,6617,3364,18,1,14,1,5,2,6,2,16,1,12,3,13,1,19,2,12,0,18,3,15,2,12,2,2,15,15,2,2,4,15,2,2,12,2,15,2,0,2,8,1,1,0,0,5,0
51,https://www.op.gg/summoners/euw/Walid%20Georgey-EUW/matches/uRd1PvnOddrX1HmuQhGcQGA2mlLjsTQ-PBHKhparpcM%3D/1733488592000,1.0,28,9,9,28,10,49,39,37,11,5,1,1,1,0,11,0,2,1,50601,32709,13.6,11.2,704,556,32.3,25.5,17892,-17892,2313.188571428572,1495.2685714285717,897,799,134,222,117,75,104,43,202,26,6662,3742,3047,1054,3211,1028,3363,3161,6692,3111,2019,1036,1000,3364,6655,1056,1000,4645,3089,3020,3363,1055,3032,3006,1018,1037,221038,3363,2055,3870,3114,3158,6617,3067,3364,1054,3158,3078,3024,1000,1000,3340,3142,1107,6670,3035,3047,1000,3364,1056,3118,3158,3145,2055,1000,3363,3036,6676,3009,2031,1000,1000,3363,3876,3158,322065,3114,2055,3067,3364,15,2,14,1,10,4,12,4,18,3,13,3,13,0,19,3,13,4,18,0,15,2,2,12,2,15,2,1,8,2,15,2,2,12,2,15,0,2,8,2,0,5,3,0,1,0
52,https://www.op.gg/summoners/euw/Walid%20Georgey-EUW/matches/uRd1PvnOddqJrh2Adyk-G2Pt66NCqNDkizk_-WX8lTM%3D/1733437002000,1.0,29,21,22,29,29,50,60,38,11,14,1,0,0,0,8,2,1,0,46780,39335,12.2,11.4,591,568,27.2,26.1,7445,-7445,2173.006451612903,1827.174193548387,14,64,518,51,201,897,60,166,22,412,2055,3143,323075,3084,3047,1054,3364,2021,6692,1000,3111,6610,1028,3340,3152,1000,221058,1082,4645,3020,3363,1055,6676,2055,221038,1037,3006,3363,3869,323190,1000,3082,3047,1000,3364,1054,2031,3047,6662,1029,3067,3340,1000,1082,221058,4646,3020,4645,3364,1000,1055,2422,3032,3031,6670,3340,3086,3144,1000,3006,6672,1055,3363,323002,3876,2055,221031,3067,3009,3364,15,1,14,1,19,0,13,4,17,1,15,1,6,2,11,1,12,1,16,1,2,15,12,2,2,15,2,1,2,5,15,7,2,12,2,15,1,2,2,4,0,1,1,1,2,0
53,https://www.op.gg/summoners/euw/Walid%20Georgey-EUW/matches/uRd1PvnOddoOgK4wya-lMTG_N8lfycFQ9QGHr-DDPNc%3D/1733433825000,0.0,17,30,30,19,50,23,46,53,10,13,0,2,0,0,1,7,0,2,36747,47356,10.8,11.8,600,635,31.0,32.7,-10609,10609,1885.9571428571423,2430.440211640212,777,64,103,22,526,27,104,163,42,78,1054,3006,3153,6670,1000,1000,3363,1107,2055,1000,6692,6610,3111,3340,4628,3118,3020,1082,1056,1052,3364,6672,1055,1083,3006,3086,1042,3363,3869,3158,323002,3067,2055,1029,3364,1056,6653,3009,3116,1029,1000,3340,1000,3142,6676,6673,1036,1001,3364,3020,2420,4629,6655,1082,1000,3363,1055,3042,3078,1001,1036,1000,3363,3877,3067,2055,3742,3013,1033,3364,13,3,14,1,5,1,12,1,16,1,20,3,6,2,20,2,14,1,7,1,2,15,2,12,2,15,2,0,2,4,2,7,12,2,15,2,2,1,2,4,0,0,0,1,6,1
54,https://www.op.gg/summoners/euw/Walid%20Georgey-EUW/matches/uRd1PvnOddoLDYpz5VEQcQeUosYuZs98SFx7XiFIams%3D/1733431839000,0.0,18,24,24,18,44,32,53,54,12,19,0,2,0,0,1,7,0,2,41270,49297,11.6,12.6,620,739,27.6,32.9,-8027,8027,1838.9740932642485,2196.6538860103624,777,254,893,119,111,64,5,103,115,223,1054,6673,3006,3153,1036,1000,3364,3078,1037,6610,2021,2422,1028,3364,3158,1052,3118,1056,1082,1052,3340,1055,6676,3006,3072,1018,3123,3363,3877,323190,1000,1029,3009,222022,3364,3047,3082,3074,6692,1000,1054,3340,3071,6692,1000,1000,1000,1001,3364,1056,3020,3118,4628,1082,3135,3364,6655,4645,1000,1082,3089,3020,3340,323190,3869,1028,3047,1029,2055,3364,13,3,14,1,5,4,12,0,16,1,14,3,14,0,18,0,19,1,17,1,2,15,12,2,2,15,2,0,2,4,2,15,2,12,15,2,2,15,2,4,1,6,0,0,0,0
55,https://www.op.gg/summoners/euw/Walid%20Georgey-EUW/matches/uRd1PvnOddqd4a5Lk-4nCqqxNn-1w-6y2z5rPxCb3qg%3D/1733349437000,0.0,19,32,32,19,58,38,112,101,40,54,3,2,0,2,5,9,3,4,67579,74628,16.0,16.8,1200,1122,33.5,31.3,-7049,7049,1877.1944444444443,2073.0,79,203,61,51,12,86,254,10,147,111,3089,3102,3135,4629,3009,1000,3340,6676,3078,3031,1001,1033,2055,3364,3135,221058,6653,3157,3020,3040,3363,3006,2421,3094,3032,3031,3033,3363,3869,323109,323190,3158,2055,1028,3364,3033,3078,6631,3009,221038,3046,3364,3053,6610,1000,3111,3082,2504,3364,3115,3089,3100,3009,4645,4630,3363,322065,3116,4630,3158,4629,3040,3363,3877,323190,323109,1000,221011,3047,3364,20,2,14,0,18,1,12,4,16,1,15,1,14,1,11,3,18,2,16,1,2,15,2,12,2,15,0,2,2,4,4,2,2,12,2,15,2,15,2,4,0,3,0,0,1,1
56,https://www.op.gg/summoners/euw/Walid%20Georgey-EUW/matches/uRd1PvnOddonq5RZGRWQ5cWzUBv3Y1H2uI5FoF55Sdo%3D/1733335068000,1.0,23,7,7,23,9,17,27,28,7,3,2,0,0,0,3,0,2,0,34103,26777,10.6,9.4,525,484,32.6,30.0,7326,-7326,2122.737755102041,1666.7316326530613,54,11,7,81,43,517,234,42,51,17,1056,3047,1082,3068,221057,221031,3364,1000,6672,3006,1000,1000,1000,3363,1056,6655,1052,3020,1000,1000,3364,1055,323004,3078,2031,3158,2055,3363,3871,1000,3158,3041,1052,3118,3364,3152,3108,1052,1056,1001,1082,3340,3077,6672,1107,2422,1028,1036,3364,1055,3078,1036,323070,1036,1001,3340,1055,3006,3134,1037,2031,1018,3340,1082,2031,3871,1001,2508,3147,3364,19,3,12,0,5,2,11,1,19,3,14,3,14,1,14,1,12,4,6,2,2,15,2,12,15,2,2,0,2,8,15,2,2,12,15,2,0,2,4,2,0,2,0,0,4,0
57,https://www.op.gg/summoners/euw/Walid%20Georgey-EUW/matches/uRd1PvnOddoJpvHohmZXLVmwIovsVsOqr9lmagOuIUM%3D/1733333806000,0.0,13,34,35,13,54,18,73,48,8,20,1,2,0,1,4,5,1,3,41738,50094,11.6,14.0,664,713,29.6,31.8,-8356,8356,1855.022222222222,2226.4,24,86,61,81,78,164,36,84,22,16,3123,3078,3047,6610,1036,1028,3340,6631,3086,1037,3006,1042,1042,3340,3040,221026,1056,1082,3158,6653,3340,3078,3133,1036,323070,3123,3158,3363,3877,2055,323190,3742,3013,1000,3364,3074,2031,3078,3047,1055,1000,3340,2055,3084,3009,3065,2502,1000,3364,1054,4646,3020,1082,1000,4645,3364,1055,3006,3035,3046,3087,6672,3363,3869,323107,6617,1082,3114,3158,3364,15,4,20,2,18,2,14,4,7,1,15,1,13,1,5,3,12,1,18,3,15,2,12,2,15,2,2,15,2,4,15,2,2,12,15,2,2,0,8,2,1,2,0,0,4,0
58,https://www.op.gg/summoners/euw/Walid%20Georgey-EUW/matches/uRd1PvnOddro4LsqZ4rzB2Q_si5PpRwZ9BERAm0BSSM%3D/1733331456000,0.0,27,42,42,27,72,62,110,111,40,56,1,3,0,2,3,9,1,5,59388,71156,15.0,16.6,906,986,28.0,30.6,-11768,11768,1841.2873362445407,2206.1467248908293,39,234,61,136,526,893,107,62,42,432,221011,6672,3153,3047,3091,2021,3340,3748,3078,6610,3155,3047,2055,3364,4645,3040,1082,3135,2055,3158,3363,6653,1000,3157,3020,3116,221058,3363,3877,323190,3067,3158,323050,1000,3364,221058,3135,1082,6655,4645,3020,3364,3158,6698,3142,3036,6695,221038,3364,6698,3078,3047,1055,6610,1036,3364,1055,3031,3094,3078,3111,3042,3363,3877,1000,3067,3084,6665,3009,3364,14,3,14,1,20,1,19,2,16,1,5,2,14,0,14,1,14,1,17,0,2,15,2,12,15,2,2,15,2,4,15,2,2,12,15,2,2,0,2,4,1,3,0,0,3,1
59,https://www.op.gg/summoners/euw/Walid%20Georgey-EUW/matches/uRd1PvnOddrCPTYhuvGiEziDz6cisLRbuzHPEXhKE_Q%3D/1733328275000,1.0,32,21,21,32,19,47,66,85,31,30,1,2,1,0,9,2,2,2,57630,46722,14.4,12.8,778,757,30.6,29.7,10908,-10908,2253.203007518797,1826.724812030075,26,77,517,42,78,17,62,103,18,555,1056,3040,323110,3158,1033,1000,3340,2502,6653,1028,3009,1082,1000,3364,3157,3067,4633,4629,3158,3145,3364,1055,3078,3042,3047,1036,3086,3363,3877,3047,3742,4401,323190,2055,3364,3009,2031,3118,1082,6653,4630,3364,3078,6610,2055,221057,3066,3111,3364,221058,4628,3118,1082,3111,221058,3364,1055,2031,6676,6675,3006,1000,3363,3877,3179,3013,3814,1000,2055,3364,18,3,14,1,5,3,14,1,7,1,6,2,14,1,5,4,11,1,7,4,15,2,12,2,2,15,2,0,2,4,4,2,2,12,2,15,0,2,2,4,0,5,2,1,1,0
60,https://www.op.gg/summoners/euw/Walid%20Georgey-EUW/matches/uRd1PvnOddqkAzlqU7TIJuKt0f2hLncGJ-DLUnMmQSM%3D/1733324136000,1.0,14,2,2,14,3,24,34,33,16,7,1,1,0,0,1,1,1,1,29558,23778,9.8,8.6,507,465,33.300000000000004,30.5,5780,-5780,1943.9045045045043,1563.7783783783784,154,62,42,16,111,114,17,777,202,43,1082,1054,1001,2502,3076,1000,3340,1000,2021,1000,3078,2422,1106,3364,1055,3078,323070,3047,1036,1000,3363,2031,6617,3009,1028,1056,3114,3363,3877,323190,3009,1000,1000,1000,3364,3074,2055,2031,2422,3123,1054,3340,1107,6653,1000,1001,1000,1082,3364,2031,3006,221043,1055,221053,1037,3340,1055,3134,3009,1037,1018,1000,3363,3870,2055,3158,3916,222022,222022,3364,15,2,14,1,14,1,18,3,16,1,15,1,6,2,12,3,6,2,19,3,15,2,2,12,15,2,8,2,2,4,15,2,2,12,15,2,2,0,2,4,0,3,0,0,3,0
61,https://www.op.gg/summoners/euw/Walid%20Georgey-EUW/matches/uRd1PvnOddpL1_YxLV1QNpuy4jbHZTDdkhGKDzs7oEo%3D/1733322233000,1.0,29,21,21,29,36,37,61,71,19,15,1,1,1,0,11,3,2,1,57340,47838,13.8,13.0,800,702,31.8,28.0,9502,-9502,2278.897435897436,1901.2538461538463,42,78,910,22,117,266,64,61,51,99,3031,3042,3078,3009,3036,1000,3340,6610,3047,1000,221057,3067,3742,3364,4645,2503,3020,6653,2055,221058,3363,1000,3085,1037,3006,6672,221053,3363,2031,1028,3870,3158,3504,6617,3364,3047,6692,6610,1000,1000,1000,3340,2021,6692,2055,6610,1037,3111,3340,1056,221026,3040,3158,6653,4630,3363,1055,6676,3036,1001,1018,1037,3340,3871,4628,6655,1082,3020,3145,3364,14,1,5,1,19,1,12,1,18,3,14,3,14,1,19,1,7,4,19,1,15,2,2,12,15,2,2,0,8,2,2,15,2,12,15,2,7,2,2,8,1,5,3,0,1,0
62,https://www.op.gg/summoners/euw/Walid%20Georgey-EUW/matches/uRd1PvnOddppICI9nHTakf1MM8V3ISHBIFMQkl0-3Tk%3D/1733263074000,1.0,52,34,34,52,48,89,91,63,27,28,3,1,1,1,10,2,4,2,74973,63486,16.4,15.6,918,891,28.5,27.5,11487,-11487,2309.7742424242424,1955.881818181818,266,254,103,119,888,517,77,246,42,50,6610,3161,6333,3047,3035,3133,3364,2055,3026,3111,6610,3071,3053,3364,4628,3118,3041,3135,3020,3089,3364,3031,221053,6676,3006,3033,221038,3363,3876,323190,323107,6620,2055,3158,3364,3157,3152,1082,3020,1056,221058,3364,1082,3143,6653,3047,2504,6665,3364,3158,6698,3142,2021,6692,6694,3364,3047,3078,3042,3033,221038,1037,3363,3876,3157,3047,3116,3916,1029,3364,14,3,14,1,5,4,12,0,17,0,14,3,14,1,14,0,14,1,14,3,15,2,2,12,15,2,2,0,2,8,2,15,2,12,2,4,2,0,5,2,1,3,2,0,3,0
63,https://www.op.gg/summoners/euw/Walid%20Georgey-EUW/matches/uRd1PvnOddq0wRQwV8ISS9ibU-gPXnQ9tJmDsRLiEso%3D/1733260332000,1.0,32,26,26,32,43,43,62,76,36,18,2,1,1,0,9,2,3,1,61156,51541,14.6,13.4,918,761,33.9,28.1,9615,-9615,2256.240776699029,1901.5126213592232,266,77,91,51,43,41,33,103,202,111,1054,6694,6692,3111,3161,2021,3340,3009,6653,1082,2502,2504,3082,3364,3142,3814,3013,6701,3035,1000,3364,3006,3031,3036,1055,6676,1018,3363,323222,6617,1000,3870,3158,3114,3364,3078,6695,3033,1018,1055,3047,3363,3047,6664,323075,221057,221031,221011,3364,1056,3157,4630,4646,6655,3158,3363,3036,6676,3031,1000,1001,1000,3363,3877,323190,323109,2055,1000,3009,3364,14,3,14,3,5,4,13,4,18,3,15,1,16,2,5,4,13,4,16,1,2,15,2,12,2,4,1,2,2,8,2,15,2,12,2,15,2,0,2,4,1,6,1,0,0,0
64,https://www.op.gg/summoners/euw/Walid%20Georgey-EUW/matches/uRd1PvnOddoOhck3hf7UIfMU6cLHovbpC4t03o3m0AA%3D/1733226170000,0.0,28,35,35,28,70,51,96,112,42,44,3,3,1,2,6,7,4,5,76089,80236,17.4,17.4,1204,1251,30.4,31.5,-4147,4147,1919.362162162162,2023.971171171171,79,11,43,42,526,150,131,157,202,99,3121,3157,3113,4629,3158,6657,3364,6672,3124,3748,3111,3073,3153,3364,221058,3118,3020,4628,3137,2421,3363,3031,3042,3036,3094,3047,3078,3363,3877,2055,323190,3158,323109,323050,3364,3143,3111,221011,3078,3091,3053,3364,3152,3157,221058,3165,3020,3135,3364,3031,3026,3153,6673,3143,3006,3363,2019,3142,3009,6676,3094,3031,3363,322065,3157,3009,3870,3067,2055,3364,15,4,12,0,19,0,14,1,16,1,13,3,14,1,13,3,6,2,19,2,15,2,2,12,2,15,2,5,2,4,15,2,2,12,2,15,2,0,2,8,1,6,1,0,0,1
65,https://www.op.gg/summoners/euw/Walid%20Georgey-EUW/matches/uRd1PvnOddol19_f6OpUK06m4yw6mIKL5z4vnLFdZbw%3D/1733222919000,1.0,20,6,6,20,6,32,32,24,7,11,0,2,0,0,2,0,0,2,32272,23593,9.6,8.6,446,403,29.2,26.3,8679,-8679,2108.090322580645,1541.1556451612903,79,72,517,202,99,266,11,84,51,43,1056,3009,3113,3802,3108,1028,3340,1105,3084,3067,3047,1029,1000,3364,221058,3145,3152,1082,1056,1001,3364,1055,2031,6676,3009,3094,1000,3363,3047,2421,3869,221058,1000,2031,3364,2031,3111,6610,1000,1054,1000,3340,1106,3153,1042,1001,1000,1042,3364,2031,3145,3113,1001,1082,1056,3340,1055,6676,3006,2055,1000,1000,3363,3158,2031,3871,4005,1052,1000,3364,20,1,15,1,5,3,6,2,19,3,14,3,12,0,5,3,13,4,19,1,15,2,2,12,15,2,0,2,2,5,15,2,2,12,4,2,2,0,2,8,0,6,0,0,0,0
66,https://www.op.gg/summoners/euw/Walid%20Georgey-EUW/matches/uRd1PvnOddpPrpW7LdFW3_fiwnZQR0zhEaHxXyVMbPM%3D/1733177404000,0.0,31,42,42,31,76,48,137,152,59,76,0,5,0,3,5,10,0,8,73748,88122,16.8,17.6,1156,1275,28.8,31.7,-14374,14374,1837.8839116719244,2196.100315457413,799,254,134,115,526,163,203,517,360,888,3161,2021,3047,6333,3156,6692,3364,3071,6610,1000,3047,3053,3026,3364,3089,3137,3020,2055,4646,6655,3363,221026,3020,3089,6655,6653,4628,3363,2055,323190,3877,3047,3076,8020,3364,3020,3157,3089,6655,4645,4630,3363,6676,3078,3031,1001,6670,3033,3364,3157,3152,221058,3020,3135,3100,3364,3026,6676,3031,3047,3036,3156,3363,3869,323190,323107,2055,3158,323109,3364,15,0,14,1,18,1,19,2,7,1,20,2,11,0,5,3,14,0,17,0,15,2,2,12,15,2,2,15,2,4,15,2,12,2,2,15,2,1,2,8,1,6,0,0,0,2
67,https://www.op.gg/summoners/euw/Walid%20Georgey-EUW/matches/uRd1PvnOddo-mcECrlLdosbmC5f-n8IZ32wDRo3FjlU%3D/1733171966000,1.0,23,8,8,23,7,22,30,27,9,4,1,0,0,0,3,0,1,0,35567,24144,10.2,9.0,546,384,36.1,25.2,11423,-11423,2352.893846153846,1597.2184615384615,126,234,55,429,111,39,254,893,163,267,1055,2031,3142,3047,3814,1000,3363,1106,6672,2021,2422,1028,3133,3364,1054,1082,1052,3100,3020,221058,3340,3153,3006,3124,1000,1055,1000,3363,3877,323190,2055,3067,1000,3009,3364,3047,3153,1000,1000,1054,1000,3340,1107,6610,3044,1036,2422,1000,3364,2031,3118,3020,3108,1052,1056,3340,3802,3108,323070,3158,1056,1000,3340,1001,3866,4005,2003,1000,1000,3364,14,3,14,1,5,2,12,0,16,1,14,3,14,1,5,4,19,2,18,0,2,15,2,12,4,15,2,1,2,4,2,15,2,12,2,15,2,15,2,8,0,6,0,0,0,0
68,https://www.op.gg/summoners/euw/Walid%20Georgey-EUW/matches/uRd1PvnOddrjVSgr6zUPyMXp8UcnK4yI1zT5_Bwqhlk%3D/1733166937000,0.0,17,31,31,17,70,35,78,69,21,32,0,4,0,1,2,7,0,5,50256,59563,13.2,14.8,850,850,30.0,30.1,-9307,9307,1781.2253164556964,2111.0936708860763,58,120,61,51,526,150,234,517,147,111,3071,3053,3047,3211,3067,1000,3364,3161,3158,6692,222022,3044,1028,3363,1056,3040,2055,6655,3020,4645,3363,3031,3033,2055,6676,3009,1036,3363,3869,2055,323050,1029,3067,3158,3364,1000,3053,3044,3047,3078,1028,3340,3748,2055,3047,6672,3133,3026,3364,3157,3152,1052,4629,1082,3111,3364,322065,3116,3040,1056,3916,3158,3363,3869,323109,323190,3111,2055,3067,3364,14,3,20,2,18,2,7,4,16,1,15,2,14,1,14,3,18,2,16,1,2,15,7,12,2,15,7,2,2,4,15,2,12,2,2,15,2,15,2,4,1,0,0,0,6,1
69,https://www.op.gg/summoners/euw/Walid%20Georgey-EUW/matches/uRd1PvnOddoFH5-q4bCnQsDmwwX_ry7SYJTY0ScRiTg%3D/1733138755000,0.0,11,35,35,13,65,17,67,78,16,22,0,4,0,1,5,10,0,5,46315,55548,12.4,14.6,741,793,30.2,32.2,-9233,9233,1874.0173410404625,2247.606936416185,24,11,134,42,526,79,254,8,51,888,1029,6610,1052,3111,3078,1052,3340,3124,3153,1001,6690,1036,1042,3340,4629,2421,3020,2503,1000,1000,3363,2055,3035,1018,3042,3078,3111,3363,3869,2055,3158,323002,3067,1000,3364,4629,3121,3157,1056,1000,3158,3364,6610,3053,1000,1029,3082,3047,3364,221058,3089,4629,3108,3041,3020,3363,1055,6676,3006,3031,3094,1000,3363,3876,323190,323107,2055,3158,3067,3364,15,4,12,0,19,1,14,1,16,1,20,2,14,1,20,3,13,4,17,0,2,15,2,12,15,2,15,2,4,2,15,2,2,12,2,7,2,0,2,8,0,6,0,1,0,2
70,https://www.op.gg/summoners/euw/Walid%20Georgey-EUW/matches/uRd1PvnOddqNmDX-tmmGVdhqbbZzvthzzgNNt9C730M%3D/1733089596000,1.0,23,15,15,23,23,55,88,85,30,28,1,3,1,0,9,3,2,3,67064,54610,15.6,14.2,1056,943,31.8,28.2,12454,-12454,2000.8044198895027,1629.2486187845304,893,76,901,22,526,164,234,619,115,12,4646,6655,1082,3135,3020,3089,3340,6653,3100,3135,3020,1082,221058,3364,3036,6697,1000,3072,3158,3094,3363,1055,1000,3006,3087,6672,3072,3363,3158,3869,8020,323002,1000,1000,3364,1001,3077,3078,3053,1028,1036,3363,221038,6672,6610,3111,2019,3053,3364,3068,3108,1082,2504,3047,3147,3364,6655,4628,1056,3089,4630,1001,3363,3876,3009,8020,2055,3067,1029,3364,5,4,14,4,15,1,12,1,16,1,15,1,14,1,16,4,19,2,16,1,15,2,2,12,15,2,15,2,2,4,2,15,12,2,2,15,2,15,2,4,1,3,1,0,3,0
71,https://www.op.gg/summoners/euw/Walid%20Georgey-EUW/matches/uRd1PvnOddomQfxqKurNS3pPzrVbbukTKfYjUF8G0aY%3D/1733086978000,0.0,18,29,29,18,61,22,87,132,55,30,3,2,1,1,9,8,4,3,69804,68635,16.2,16.8,1265,1160,36.5,33.5,1169,-1169,2007.7404682274248,1974.1170568561872,79,234,39,96,111,150,64,777,115,267,3100,4629,3158,3137,3089,1000,3364,2055,6672,3748,1037,3053,3111,3364,3026,3153,6672,3047,6333,3091,3363,4630,3020,4628,6655,3040,4645,3363,3869,323190,2055,3009,323109,1028,3364,3742,3078,3111,3053,8020,1000,3364,6692,3053,1000,3111,6610,6333,3340,6631,6673,3006,3153,1037,1000,3363,6655,3089,4628,1082,3020,3040,3363,3009,3876,2055,322065,3108,4005,3364,19,2,14,1,14,1,19,2,16,1,15,2,14,1,12,3,19,1,18,0,2,15,12,2,15,2,2,15,2,4,2,15,2,12,2,15,15,2,2,8,1,6,2,0,0,1
72,https://www.op.gg/summoners/euw/Walid%20Georgey-EUW/matches/uRd1PvnOddrKc8RcdPESvH52k2NWFtsCnzit6g2K4h4%3D/1733078027000,0.0,6,22,22,6,36,7,43,46,10,15,0,1,0,0,2,3,0,1,32752,40147,10.6,11.4,612,656,31.4,33.8,-7395,7395,1679.5897435897436,2058.8205128205127,897,60,166,81,40,134,91,238,4,111,1054,3111,323075,3057,221031,1028,3340,1106,4646,1000,3020,1082,1000,3364,1036,1055,1083,6676,3031,1001,3363,3078,3158,323004,1055,1000,1000,3363,1082,3870,1001,6617,222022,2055,3364,3158,2503,1052,4629,1056,1082,3363,6692,1037,3142,3067,3009,1000,3513,6699,6701,2055,3158,3134,1028,3364,3094,6672,1042,3006,1036,1000,3363,3869,323190,3009,3067,1000,1029,3364,15,1,6,4,11,3,11,1,18,0,10,4,14,1,5,4,12,4,16,1,15,2,12,2,2,15,2,1,8,2,2,15,4,12,15,2,2,7,2,4,0,3,0,1,3,0
73,https://www.op.gg/summoners/euw/Walid%20Georgey-EUW/matches/uRd1PvnOddrF6uuoucn0Xkmvr0xZr8L4zy2AQXJxRfs%3D/1733073652000,1.0,37,19,19,37,33,60,74,60,24,23,3,0,1,0,10,3,4,0,57991,46068,14.2,12.8,792,706,32.4,28.9,11923,-11923,2381.272946859904,1891.68115942029,31,60,157,42,526,58,56,268,22,497,3084,3047,323075,221057,3211,1056,3340,3135,6653,221058,1082,4646,3020,3364,1054,3153,1000,6673,2031,3006,3363,1055,1000,3078,3094,3047,3042,3363,3876,2055,3158,323109,3067,323050,3364,3111,3071,3053,2055,1036,1000,3364,3111,6631,3073,3044,1028,1000,3363,4645,2420,3020,1000,1082,3115,3364,6672,3006,3078,1042,1042,1055,3363,3869,3067,2055,1029,323050,3111,3364,15,2,6,2,13,3,14,1,16,1,14,3,12,0,14,4,12,1,17,1,15,2,2,12,2,15,2,0,2,4,2,15,2,12,15,2,2,1,2,8,1,1,2,0,2,0
74,https://www.op.gg/summoners/euw/Walid%20Georgey-EUW/matches/uRd1PvnOddqdfn6q4-CCwkzrqS085RoIbmyP56tUMd8%3D/1733067727000,1.0,19,6,6,19,8,28,24,26,8,5,1,0,0,0,2,0,1,0,31877,24594,10.2,9.2,513,444,33.4,28.9,7283,-7283,2064.988050314465,1593.1962264150943,79,72,55,22,526,90,234,26,42,267,3802,4629,1000,3009,1000,1000,3340,3084,2021,2422,1037,1028,1106,3364,1054,221058,1082,3100,1052,3020,3363,1055,3006,3087,3086,3144,1000,3363,3877,323050,3076,1028,3158,2055,3364,3118,2031,1052,3020,221058,2055,3340,6672,1106,2055,1033,2422,1028,3364,1056,323003,3158,3108,1000,2055,3340,1055,2031,323070,3078,1000,2422,3363,3009,3876,4642,222022,1052,1000,3364,20,2,15,1,14,3,12,1,16,1,18,1,14,1,18,1,14,1,18,0,15,2,12,2,2,15,0,2,2,4,15,2,2,12,15,2,2,0,2,8,0,3,0,0,3,0
75,https://www.op.gg/summoners/euw/Walid%20Georgey-EUW/matches/uRd1PvnOddrVpcQ2aqm-ciWQkaAfsB61NvvcKkZN8hY%3D/1733009992000,0.0,16,31,31,16,50,22,55,70,19,18,1,3,0,1,3,8,1,4,45797,56145,12.8,14.4,753,815,29.1,31.5,-10348,10348,1759.687684729064,2157.295566502463,799,120,517,901,40,516,5,131,81,267,1001,6333,6692,3161,1036,1000,3364,3071,6692,3047,1037,1028,1036,3364,3152,1082,4645,221058,1001,221058,3340,3035,1036,3158,3094,3508,1055,3363,3870,2055,322065,3009,1052,3067,3364,1054,6665,6664,3076,3047,221031,3363,6610,3748,3071,3123,1036,1001,3364,1056,221058,3157,3020,3100,221058,3340,3133,3078,3042,3158,323110,3035,3363,3009,3876,6616,1052,222022,4005,3364,15,0,20,2,5,4,13,1,18,3,15,1,14,0,14,0,11,1,18,0,15,2,12,7,15,2,2,0,2,8,2,15,2,12,4,2,2,0,2,8,1,3,0,0,3,1
76,https://www.op.gg/summoners/euw/Walid%20Georgey-EUW/matches/uRd1PvnOddqZF2_F3LCrJoEmkBlTFHfj4C2H2y6qD0A%3D/1733006598000,1.0,18,5,5,18,4,26,38,41,14,8,1,1,0,0,4,1,1,1,36248,28976,11.0,10.2,588,554,31.6,29.6,7272,-7272,1941.0219354838712,1551.6180645161292,897,121,910,22,43,79,72,134,429,888,3111,1028,2504,221031,1054,3067,3340,6701,2055,3142,1028,3111,1000,3364,1056,2031,1082,2508,2503,1001,3340,1055,6672,3006,3046,221038,1018,3363,3871,3118,3158,4005,1000,2055,3364,1056,3040,1052,2031,3158,1000,3340,2021,3084,1000,1000,3047,1000,3364,6655,4629,2031,3158,1082,1000,3340,1055,3153,3006,2055,1000,1000,3363,3869,3158,323190,1000,1000,1000,3364,16,1,14,1,19,2,12,1,19,1,15,4,16,1,19,1,11,0,17,0,2,15,12,7,15,2,2,0,2,8,2,15,12,2,15,2,2,0,2,8,0,0,0,1,6,0
77,https://www.op.gg/summoners/euw/Walid%20Georgey-EUW/matches/uRd1PvnOddrzto2eiR8R_dnGDUuCPlnm0dv0h1ZBaxU%3D/1733004901000,0.0,21,32,32,22,67,34,71,59,18,19,0,3,0,1,5,6,0,4,51600,57019,13.2,14.4,816,779,30.7,29.4,-5419,5419,1940.91743119266,2144.7513761467885,92,60,18,30,526,79,234,103,42,16,3111,6692,6610,1036,1054,1037,3364,2055,3102,4646,6653,3020,1000,3364,1055,3031,6676,3006,6675,1018,3363,2503,221058,3020,3916,4645,1052,3363,3877,1033,323050,3158,3067,3076,3364,3121,4629,3047,1056,221057,1029,3364,3748,6672,2021,1037,1028,3111,3364,1056,4645,3118,1082,3020,221058,3364,3078,1055,3042,3009,6676,221038,3363,3870,1000,323107,1028,6617,3158,3364,14,1,6,2,11,3,6,2,16,1,15,4,14,1,5,4,14,1,18,3,2,15,12,2,15,2,2,5,2,4,2,15,2,12,2,15,2,1,2,8,1,3,0,0,3,0
78,https://www.op.gg/summoners/euw/Walid%20Georgey-EUW/matches/uRd1PvnOddoMX52ev8xGVt6sJDABepbLIf_tiDPdSSU%3D/1732997531000,0.0,12,26,26,12,44,18,56,75,14,22,0,3,0,1,5,6,0,4,44661,52803,12.2,13.6,746,871,30.7,35.8,-8142,8142,1832.246153846154,2166.276923076923,24,5,103,22,117,126,234,910,96,526,3047,2420,3078,1000,6610,1000,3340,3071,3748,3123,1000,1001,1000,3364,221026,3118,3089,3020,3041,4630,3364,1055,3006,3051,3087,3044,1000,3363,323107,1000,1000,3870,6617,3158,3364,3042,3158,1000,1036,6694,6692,3363,1000,2019,3748,3111,6610,6672,3364,1056,6655,3020,4628,3145,221058,3363,1056,1000,3020,4628,6655,3040,3363,3877,2055,323050,3067,3158,221057,3364,15,1,14,0,5,4,12,1,18,3,14,3,14,1,19,2,19,2,16,1,2,15,2,12,2,15,2,0,8,2,15,2,2,12,2,15,2,15,2,4,0,5,0,1,1,0
79,https://www.op.gg/summoners/euw/Walid%20Georgey-EUW/matches/uRd1PvnOddrq5VQb7FHDaHK-4z5W0QK3Y4hZg91KBj0%3D/1732995436000,0.0,15,28,28,15,41,20,46,41,9,17,0,2,0,1,0,11,0,3,38410,55409,11.8,13.8,650,791,28.7,35.0,-16999,16999,1702.9064039408863,2456.5566502463053,79,5,157,222,111,83,200,84,22,117,1001,2031,3802,4629,3100,1000,3363,3071,3748,1000,1106,1000,1001,3364,1055,3006,3153,6673,1029,1000,3340,1055,6672,3006,3085,1000,1000,3363,3877,323190,1028,3076,3009,2055,3364,3078,3047,3742,3082,1054,1000,3363,1055,6672,6631,1001,3071,3091,3364,3152,3020,3100,1052,1052,1056,3364,3085,221038,3006,1037,6672,1055,3340,3870,322065,3114,6617,3158,3067,3364,20,2,14,0,12,3,12,4,16,1,14,3,14,0,14,3,12,1,18,1,2,15,2,12,2,15,2,0,2,4,2,15,12,2,2,15,0,2,2,8,0,1,0,1,5,3
80,https://www.op.gg/summoners/euw/Walid%20Georgey-EUW/matches/uRd1PvnOddrOiH8dM8zmh86L8Qownt-gsRS5spL8RT4%3D/1732992894000,1.0,21,10,10,21,12,23,36,26,9,13,1,1,0,0,2,0,1,1,34626,27197,10.0,9.4,484,487,31.0,31.1,7429,-7429,2208.4299212598426,1734.611811023622,42,35,268,51,888,8,59,96,81,111,1018,3078,3042,1055,1001,2055,3363,1001,2503,6653,1000,1106,1000,3513,2031,3145,3115,1056,1001,221058,3364,1055,1083,6676,221038,1001,3123,3363,3876,323190,3158,1028,222022,2055,3364,1056,1082,4646,1001,1052,1000,3340,6692,3158,2055,1106,1000,2021,3364,6655,3802,1000,1056,3020,323070,3363,1055,2031,3078,323070,2422,1000,3340,3869,3047,323190,1028,2055,1000,3364,14,1,5,1,14,4,7,4,17,0,18,3,14,1,19,2,11,1,16,1,2,15,4,12,15,2,7,2,2,8,2,7,2,12,2,15,2,0,2,4,1,6,0,0,0,0
81,https://www.op.gg/summoners/euw/Walid%20Georgey-EUW/matches/uRd1PvnOddrAST7Ni6Wp3xX0ITLbyrO4Z1RzRg45k60%3D/1732918958000,1.0,29,23,23,29,45,63,124,88,39,46,3,1,1,1,10,5,4,2,71945,64488,17.0,15.8,1094,1031,31.5,29.7,7457,-7457,2063.128676470588,1849.2882352941172,24,106,55,22,888,79,234,103,202,53,3143,3157,6610,3078,3111,2021,3340,6610,3143,3053,3111,3065,1000,3364,3100,4645,3089,3020,1082,1052,3364,221053,6672,3031,3006,3046,3036,3363,1000,3877,323190,323107,3114,3009,3364,3009,3157,4629,323110,3121,3916,3363,6610,6672,2055,3047,221057,3053,3364,3118,4645,3089,1082,3020,3147,3363,3142,6676,3033,3094,3009,1018,3363,3877,323190,3066,323109,3009,2055,3364,15,1,11,4,5,3,12,1,17,0,20,2,14,1,5,4,6,1,8,4,2,15,2,12,2,15,2,0,2,8,2,15,12,2,2,15,1,2,2,4,0,0,2,1,6,0
82,https://www.op.gg/summoners/euw/Walid%20Georgey-EUW/matches/uRd1PvnOddqX_BVUl3dRZhJp3bRphBwWAjM1rHwzZgw%3D/1732913239000,1.0,29,17,17,29,23,36,59,54,11,18,2,2,1,0,10,2,3,2,59412,49617,14.6,14.0,840,888,30.4,32.2,9795,-9795,2160.436363636364,1804.2545454545457,39,78,105,96,526,79,107,166,42,267,3026,3153,3047,6672,3091,2019,3363,3742,6610,221011,3158,3082,1033,3364,3135,3157,3158,1000,3100,1000,3364,1056,221058,3020,4628,6655,3040,3363,3877,8020,323050,3067,2055,3158,3364,3009,4629,3152,3802,1082,3135,3363,6698,1001,6699,3035,1036,1000,3364,1000,1033,3009,6670,6676,3031,3363,3042,3078,1055,3094,1000,3009,3363,2055,1052,3870,4005,3504,3158,3364,14,1,7,1,5,4,11,no-src,16,1,20,2,14,0,11,3,14,4,18,0,15,2,2,12,2,15,2,15,2,4,2,15,2,12,2,15,2,0,8,2,1,6,2,0,0,0
83,https://www.op.gg/summoners/euw/Walid%20Georgey-EUW/matches/uRd1PvnOddrNz30s8hsMjaw8JYe7OBgEdPNmJZrEpQg%3D/1732903937000,0.0,31,49,49,31,85,55,89,81,27,26,1,3,1,0,6,7,2,3,66016,67082,15.6,15.8,949,849,29.9,26.8,-1066,1066,2082.8577540106958,2116.490909090909,777,77,39,523,40,799,120,61,42,111,3031,2055,3006,6673,3153,1000,3340,3047,3147,3065,6653,2502,6665,3364,3155,3153,6672,3091,3047,3026,3363,221038,3142,3006,3036,221053,3031,3363,323107,3870,3114,3009,3114,6617,3364,6610,6699,3047,1037,3123,3161,3363,3071,6692,3111,2055,1037,2021,3364,221058,3157,3020,4645,3135,6655,3363,1055,3042,3094,3031,3047,3078,3363,3877,323190,323109,323075,2055,3009,3364,13,3,14,3,14,1,11,4,8,3,15,0,20,2,19,2,14,3,16,1,15,2,2,12,15,2,2,0,8,2,2,15,12,7,2,15,2,0,2,4,1,6,0,0,0,1
84,https://www.op.gg/summoners/euw/Walid%20Georgey-EUW/matches/uRd1PvnOddqvQ7UH9LvjjkEeA-QoNoPZUK_Ph7oLiJ4%3D/1732896709000,1.0,23,9,9,23,8,29,41,28,10,7,1,1,0,0,2,1,1,1,34373,26862,10.0,9.2,483,478,31.6,31.3,7511,-7511,2248.700934579439,1757.3271028037382,23,56,7,202,78,122,141,39,115,267,3153,3086,1055,1042,1042,3006,3340,1001,6631,1000,3044,1028,1000,3364,3020,4646,3802,1056,1082,1052,3364,1055,1037,3009,6676,1000,221038,3363,3877,1000,3742,3067,3013,1029,3364,6631,1000,1000,1055,3047,1000,3363,1107,6692,3047,2055,1000,1000,3340,1055,3153,3051,3111,6690,221043,3363,1052,1000,1000,1056,6655,3020,3363,3869,4005,3158,222022,1000,1000,3364,12,3,14,0,5,4,6,2,7,1,14,3,14,1,14,1,19,2,18,1,7,2,2,12,15,4,2,0,2,4,7,2,2,12,15,2,15,2,2,8,0,6,0,0,0,0
85,https://www.op.gg/summoners/euw/Walid%20Georgey-EUW/matches/uRd1PvnOddqwni3SqihFFuTXhZ0UwX4riOJXUZyoNu0%3D/1732893713000,0.0,20,39,39,21,63,33,67,67,19,27,0,4,0,1,5,10,0,5,52699,63074,13.6,15.8,795,888,27.9,31.1,-10375,10375,1854.6429184549356,2219.7716738197423,164,77,901,22,111,31,234,777,81,432,3074,3161,3078,3047,1037,1028,3364,3742,3009,6653,2502,1028,2055,3364,3144,1042,2055,3158,3161,3042,3363,3006,3032,2055,1055,3033,3046,3363,3877,323190,323109,3009,2055,1028,3364,3084,1056,3121,3009,221057,221031,3364,3077,6672,6333,2021,3047,1000,3340,3006,3153,6673,3031,6665,1000,3364,3078,3042,3158,221038,6694,221053,3363,3877,3009,3742,3087,2055,4642,3364,14,3,14,3,15,2,12,1,16,1,15,4,14,1,13,3,11,1,17,1,2,15,2,12,15,2,0,2,2,4,2,15,2,12,15,2,2,0,2,4,1,6,0,0,0,2
86,https://www.op.gg/summoners/euw/Walid%20Georgey-EUW/matches/uRd1PvnOddqeCUOtT300VJAcp_YxzAvUnQN6SUA1XAo%3D/1732891040000,1.0,31,14,14,31,22,37,43,51,14,11,1,1,0,0,5,2,1,1,45271,35472,12.2,10.4,653,538,33.6,27.7,9799,-9799,2341.6034482758623,1834.7586206896556,61,234,79,110,267,68,64,246,42,526,2031,3040,3020,3145,1056,3802,3363,3748,3044,1028,6672,3047,1000,3364,1056,3802,3152,221058,3009,4629,3340,1055,6701,323004,3009,1000,1000,3363,3870,2055,6620,4005,3158,1000,3364,1056,3145,6653,3020,1000,1000,3340,1107,6692,2055,3111,2021,3133,3340,3158,6698,3142,1036,1000,1000,3364,3078,323004,1055,1000,3047,1000,3363,3877,323050,3158,1028,2055,222022,3364,18,2,14,1,20,2,7,2,18,1,19,0,14,1,14,0,14,1,16,1,2,15,2,12,2,15,0,2,2,8,2,15,2,12,2,4,2,0,2,4,1,5,0,0,1,0
87,https://www.op.gg/summoners/euw/Walid%20Georgey-EUW/matches/uRd1PvnOddqzlSQsht-5IeTUKvQQ1_cjNsSnRNWH2zs%3D/1732827790000,1.0,36,23,23,36,37,62,80,73,18,27,1,2,2,0,10,3,3,2,65555,53930,15.4,13.6,931,816,33.2,29.1,11625,-11625,2336.914351851852,1922.5046296296296,17,163,157,42,526,31,203,134,51,78,1082,6653,3009,3115,3135,1052,3340,6653,3135,3089,3145,3020,1082,3364,6673,6631,221038,1018,3153,3006,3340,1055,3508,3009,3031,3094,3035,3363,3869,323190,1000,3158,323050,3067,3364,3143,2504,1000,1000,3047,3065,3364,3111,6672,3031,6670,6676,1036,3364,3089,6655,3020,4645,1000,1056,3364,3006,6676,3031,3094,1000,1055,3363,323190,3877,2055,8020,3009,1028,3364,13,4,6,1,13,3,14,1,16,1,15,1,11,0,10,4,13,4,16,1,2,4,2,12,2,15,0,2,2,4,2,15,2,12,2,15,2,0,2,4,1,5,1,0,1,0
89,https://www.op.gg/summoners/euw/Walid%20Georgey-EUW/matches/uRd1PvnOddqYOX-bGBJ7AeREXsy7iiW-bcAfON_FpkQ%3D/1732823425000,1.0,34,36,36,34,62,62,101,71,24,33,2,2,0,2,7,5,2,4,62899,66095,15.2,15.2,877,866,28.7,28.3,-3196,3196,2067.5134259259257,2172.5671296296296,24,11,103,236,267,79,104,38,22,111,6610,2421,1000,3111,3078,1000,3340,3124,3153,3748,3006,3091,6690,3363,1056,3157,4628,3118,3020,1082,3364,3158,3036,2055,3031,3508,3094,3363,3009,3870,4005,4642,3067,3504,3364,4629,3121,2420,323110,3067,3158,3364,3031,6701,3047,6676,3036,6673,3364,3118,3157,3040,3047,221058,221058,3364,6672,3046,1055,3006,3072,3123,3363,3869,323190,323109,323075,2055,3047,3364,15,1,12,0,5,4,11,1,18,0,20,2,6,2,18,0,11,1,16,1,2,15,2,12,2,15,2,0,2,8,15,2,2,12,2,15,0,2,2,4,0,1,1,1,5,0
90,https://www.op.gg/summoners/euw/Walid%20Georgey-EUW/matches/uRd1PvnOddp1_miEbUlFYcsFLNyWpP1TCJYCuMMBRFU%3D/1732819108000,0.0,25,36,36,25,62,40,90,67,24,42,1,4,0,2,3,10,1,6,58150,69539,15.0,16.6,909,998,28.4,31.2,-11389,11389,1817.1875,2173.09375,150,421,45,42,497,517,143,166,222,12,3053,3091,3078,3082,3111,1028,3340,6631,3053,3047,1028,3071,1000,3364,3089,3040,6657,323110,222022,3158,3363,1055,3047,3042,3078,3094,1036,3363,323190,3876,2055,3114,3111,3067,3364,3137,1000,3152,3158,4629,1000,3364,6653,3157,4645,3041,3020,1052,3364,3009,3094,221038,3031,3036,6676,3363,6672,3006,3046,3036,1037,221038,3363,3009,323002,3877,323107,1000,3067,3364,13,3,14,1,9,4,14,1,17,0,14,0,5,2,11,1,12,4,16,1,15,2,2,12,2,15,2,0,2,4,2,15,2,12,2,15,0,2,4,2,0,6,0,1,0,2
91,https://www.op.gg/summoners/euw/Walid%20Georgey-EUW/matches/uRd1PvnOddprgJ92BbsdOC5dgzdEtkHUJxA4V-IjgpA%3D/1732810279000,1.0,36,26,26,37,59,53,71,78,37,27,2,2,2,0,11,4,4,2,67611,57826,16.0,14.6,948,877,31.9,29.4,9785,-9785,2282.5935897435897,1952.2452991452992,85,234,43,18,111,150,200,134,147,235,3152,1000,3020,1082,4645,3135,3364,1000,3748,3111,6672,3091,2021,3364,221058,3118,4628,1082,4629,3158,3363,3006,3508,6675,3031,3072,1018,3363,3877,323190,2055,323109,221011,3047,3364,3111,3091,3078,3143,1054,1037,3363,3091,6672,6631,3047,6333,1000,3364,1052,1082,3020,3089,4645,6655,3363,1056,2055,3020,3040,6617,3118,3363,3114,1000,323107,3870,3158,6617,3364,5,1,14,1,18,0,11,1,16,1,15,2,14,0,18,1,18,2,18,3,15,2,12,2,2,15,2,1,2,4,2,15,2,12,2,15,2,15,2,8,1,5,2,0,1,0
93,https://www.op.gg/summoners/euw/Walid%20Georgey-EUW/matches/uRd1PvnOddpVkpYnvlZ0zUJX7ZiA4h9B8P7TD8rEj4Q%3D/1732806084000,1.0,23,11,11,23,26,41,36,33,10,6,1,0,0,0,8,0,1,0,40247,28092,10.6,9.2,534,420,31.4,24.8,12155,-12155,2349.992617449664,1640.2711409395972,266,254,1,42,111,777,72,619,50,267,6692,1054,3047,2021,3133,1000,3340,1106,1000,3111,1028,6610,1000,3364,3020,3118,3041,6653,1000,1056,3363,1055,3078,1000,323004,1033,1001,3363,3877,323190,2055,1029,3067,3111,3364,2031,1055,221043,221053,3006,1000,3340,3084,3009,3067,2055,221031,1106,3364,1056,6664,3108,1001,3147,1000,3340,2503,1056,3047,1000,1000,1000,3340,1052,3876,1000,4642,222022,3009,3364,14,3,14,1,10,4,14,1,16,1,12,3,15,1,16,4,14,3,18,0,15,2,2,12,15,2,2,0,2,4,2,15,2,12,15,2,2,15,2,8,1,6,1,0,0,0
94,https://www.op.gg/summoners/euw/Walid%20Georgey-EUW/matches/uRd1PvnOddoc-CVNo61Gj7sv6biqhvyxAbqjynFq9hM%3D/1732641776000,1.0,38,27,27,38,32,57,91,80,27,31,3,1,1,0,9,3,4,1,71216,59307,16.2,15.2,1028,961,32.0,30.1,11909,-11909,2220.093927125506,1848.8417004048583,799,876,42,202,111,79,141,910,51,267,3067,6333,6692,3111,3071,3211,3363,3116,3147,1082,6653,3157,3158,3364,3111,3031,3042,3078,3094,1055,3363,1055,3031,3009,6676,3094,3072,3363,3876,323190,221011,323109,1000,3009,3364,3157,1052,1000,3158,3121,4629,3364,6695,6697,6696,3158,3133,6701,3364,3089,1000,3020,4628,3040,1052,3363,3036,3031,6676,1001,221053,1018,3363,3108,322065,3870,4005,3158,3114,3364,15,0,14,1,7,1,13,4,16,1,20,1,6,1,19,2,7,4,18,0,15,2,2,12,15,2,2,0,2,4,2,15,12,2,2,15,7,2,8,2,1,0,1,0,1,0
95,https://www.op.gg/summoners/euw/Walid%20Georgey-EUW/matches/uRd1PvnOddo-n1mF8hA7yURhBMkEvdtTB37MGx7Z5uU%3D/1732635226000,1.0,37,28,28,37,57,65,85,72,29,30,3,2,1,0,10,5,4,2,69825,65234,16.2,15.4,952,1025,29.3,31.6,4591,-4591,2159.5360824742265,2017.5463917525767,24,254,103,81,43,58,25,42,145,111,3111,3157,2055,6610,3078,221057,3340,3053,6610,2055,8020,3047,3026,3364,3135,3118,4628,1082,3089,3158,3364,3158,221053,221038,6694,3078,3042,3363,3871,4643,3158,6617,3916,4005,3364,3071,3053,2502,3047,3065,1028,3364,3157,3158,3108,4630,6653,4628,3364,1055,3042,3078,3094,3111,1037,3363,1055,3115,3087,3124,3006,3135,3363,3083,323190,3158,3877,1000,3067,3364,15,4,14,1,5,4,11,4,19,3,14,3,5,1,14,1,11,1,16,1,15,2,12,2,2,15,0,2,2,8,15,2,2,12,15,2,2,1,4,2,0,0,2,1,6,0
96,https://www.op.gg/summoners/euw/Walid%20Georgey-EUW/matches/uRd1PvnOddrwW_fY0LSYNWIXzniAsDn84q65uVPKzBI%3D/1732629168000,0.0,20,39,41,20,62,25,98,93,35,46,1,3,0,2,2,11,1,5,58701,73486,15.4,16.8,1016,1132,30.7,34.3,-14785,14785,1779.5185039370078,2227.725196850394,27,143,42,96,412,910,107,619,777,526,6653,3009,3157,3116,1028,1082,3340,1000,3020,3157,4645,6653,1000,3364,1055,3042,3094,3078,3111,6670,3363,221058,6655,4646,3020,221058,3135,3363,323050,3876,1000,323190,3047,221031,3364,3089,4630,4628,1056,3020,2503,3363,3031,6698,3158,3036,6699,2021,3340,2504,3065,3041,3068,3111,221057,3364,3006,3153,6673,3031,2504,1000,3364,3877,323190,8020,323050,3158,2055,3364,20,3,19,2,14,3,19,2,8,0,19,2,14,0,16,4,12,3,16,1,2,7,2,12,2,15,2,15,2,4,15,2,12,2,2,15,15,2,2,4,0,1,0,1,2,1
97,https://www.op.gg/summoners/euw/Walid%20Georgey-EUW/matches/uRd1PvnOddrn6hB-vPjHGRkFe4uEoCEg8qu3nSD4Nm0%3D/1732570258000,1.0,42,26,26,42,31,56,82,73,26,21,3,1,0,1,10,5,3,2,67165,57238,15.2,14.2,913,824,30.9,27.9,9927,-9927,2260.054502369668,1926.0180094786729,41,254,134,42,111,122,59,84,81,43,3078,6676,6673,3035,1018,3047,3363,3053,1000,3071,6610,2422,323110,3364,1056,1052,6655,4646,3020,4645,3364,3042,3047,3078,3094,3031,3035,3363,3877,323190,3067,1000,3047,323109,3364,3053,1029,1029,3742,3047,3078,3363,3053,3161,2055,3047,3024,6610,3364,1000,3157,4646,1000,3020,4645,3364,1055,3042,3158,6694,3078,1037,3363,3871,3157,3020,3118,3916,1052,3364,15,1,14,1,10,4,14,1,16,1,14,3,14,1,5,3,11,1,19,0,2,4,2,12,2,15,2,0,2,4,2,7,2,12,2,15,0,2,4,2,1,0,1,0,6,0
98,https://www.op.gg/summoners/euw/Walid%20Georgey-EUW/matches/uRd1PvnOddrkQIVn4tpxyE73ld7qEvDuu7CJ9SzCSO4%3D/1732560330000,1.0,45,20,20,45,33,76,54,52,12,13,1,2,1,0,8,1,2,2,57445,44279,13.8,11.6,652,603,26.7,24.8,13166,-13166,2383.356382978724,1837.1074468085108,24,887,893,42,201,58,11,619,119,40,3158,6610,1036,1036,3078,1055,3340,4633,3115,1082,3020,221058,3157,3364,3020,6655,3041,4646,3089,1052,3364,3094,1000,3078,3042,3047,1000,3363,3047,3876,323190,1028,2055,323110,3364,3071,3053,1037,1000,3047,1000,3340,3124,3153,3006,221043,1000,1000,3364,1056,2031,4633,6664,3111,3145,3364,1055,3006,3031,6670,1036,6676,3363,6620,3870,6617,1000,1082,3158,3364,11,1,14,1,5,4,14,1,17,1,14,3,12,0,16,1,12,0,18,3,4,2,7,12,2,15,2,0,2,5,15,2,2,12,2,15,2,1,2,8,1,4,2,0,2,0
99,https://www.op.gg/summoners/euw/Walid%20Georgey-EUW/matches/uRd1PvnOddp8FNKBfN1YBamzw2XzOuwFSTh88CM_4r4%3D/1732553709000,1.0,38,27,27,38,44,75,67,59,14,13,2,1,1,0,10,2,3,1,61043,48540,14.4,12.6,791,708,30.6,27.2,12503,-12503,2354.958375634518,1872.6091370558372,777,163,64,96,526,517,5,84,22,888,3006,1054,3153,3091,6673,1029,3364,6653,2503,3020,3165,221058,1082,3364,2055,6692,3074,3111,6610,3155,3340,1056,1000,3020,4628,6655,3040,3363,3877,323190,8020,2055,323050,3158,3364,4646,4629,3108,3152,3020,1052,3364,3156,3748,6610,3047,1000,2055,3364,4645,1082,4646,1056,1052,3020,3363,1037,221053,3046,3087,3006,1055,3363,3869,323190,3111,2055,3114,3067,3364,15,2,6,1,14,3,19,2,16,1,5,3,14,1,5,3,12,1,17,0,15,2,2,12,2,15,2,15,2,4,2,15,2,12,2,15,2,0,2,8,1,4,2,0,1,0
